1,Sloane Mcclain,2/13/16,3514 Edward,Mesa,85475,Arizona,509 536 5006
2,Jay Mathews,2/16/01,7591 College,Tallahassee,32372,Florida,773 209 1137
3,Melanie Arnold,3/31/36,244 113th,Santa Ana,92601,California,859 398 0843
4,Caiden Stark,10/13/85,7396 Mautene,Columbia,29004,South Carolina,858 160 7481
5,Kieran Waters,2/26/80,7191 79th,Providence,2809,Rhode Island,850 913 1858
6,Hezekiah Finley,3/21/11,2935 Oswego,Hialeah,33089,Florida,916 997 5604
7,James Morales,9/17/92,993 Jarvis,Cedar Rapids,52227,Iowa,360 723 1730
8,Peyton Craft,3/6/65,7732 Carroll,Des Moines,50331,Iowa,954 722 0897
9,Ean Padilla,12/22/10,6322 Cyril,Laredo,78077,Texas,603 169 5224
10,Madden Frye,10/7/96,5213 South Shore,San Bernardino,92325,California,440 859 9599
11,Jaydon Gallagher,9/25/53,4272 Birkhoff,Hartford,6164,Connecticut,412 200 4699
12,Selena Mccarthy,1/27/79,1123 College,Denver,80134,Colorado,423 828 1861
13,Brody Schwartz,6/26/75,1926 68th,Fayetteville,72771,North Carolina,713 830 9094
14,Esteban Blanchard,1/26/02,4419 Eisenhower Ib Dan Ryan Ob,Tampa,33006,Florida,206 467 7184
15,Braylen Miles,1/13/89,9511 Garvey,Peoria,61510,Illinois,417 682 7878
16,Kaeden Humphrey,9/14/11,2432 Irving,Joliet,60418,Illinois,360 149 8260
17,Leah Cardenas,4/28/40,7473 Rosemont,Joliet,60407,Illinois,551 916 7819
18,River Hamilton,9/3/59,7651 Kenneth,Providence,2818,Rhode Island,903 480 5006
19,Izayah Slater,4/19/27,986 Midway Airport,Boston,2051,Massachusetts,209 812 1198
20,Veronica Townsend,1/24/47,4161 Stetson Lower,Fargo,58012,North Dakota,818 213 6490
21,Nash Howe,9/23/69,6489 Bernard,Bellevue,98011,Washington,512 713 5552
22,Krystal Wooten,8/12/37,455 Elmdale,Chesapeake,23353,Virginia,601 221 4190
23,Rylie Hardin,6/26/28,6504 127th,Minneapolis,55011,Minnesota,762 454 4946
24,Francesca Marsh,11/6/00,7362 Corcoran,Washington,20448,District Of Columbia,847 960 8864
25,Bodhi Hutchinson,4/21/74,637 Talman,Spokane,99212,Washington,717 224 9890
26,Maxwell Bailey,4/1/30,1455 Touhy,Lansing,48804,Michigan,928 251 1688
27,Arlo Justice,8/27/10,8801 Lake Shore Lower,Philadelphia,19615,Pennsylvania,234 325 3816
28,Adalynn Horn,1/31/28,1032 Calhoun,St. Louis,63451,Missouri,530 779 3202
29,Willa Rivera,9/8/70,3058 Lynn White,Little Rock,72113,Arkansas,419 240 2595
30,Reed Reid,12/27/13,8562 Randolph Lower,San Diego,92037,California,985 224 1991
31,Chloe Weiss,5/14/83,901 Rutherford,San Antonio,78749,Texas,559 536 3807
32,Louis Brock,3/23/02,8812 Nixon,Fresno,93318,California,708 448 4574
33,Bruce Weaver,10/11/39,8115 Eisenhower Ib Dan Ryan Ob,Detroit,48689,Michigan,862 361 8657
34,Jayce Ball,2/23/52,8209 Baggot,New York,10989,New York,251 125 0233
35,Emersyn Greer,7/30/13,628 Stephen A Douglas,Mobile,36644,Alabama,901 586 0981
36,Leonidas Mcfarland,4/4/81,5094 Canalport,San Jose,95577,California,351 577 9387
37,Rebecca Spears,12/11/09,9218 Lsd Nb Stevenson Ob,Henderson,89002,Nevada,762 284 1114
38,Alexis Lee,6/23/43,5249 Bennett,San Jose,95942,California,956 990 9619
39,Madeleine Santana,6/11/40,3676 Hoxie,Winston-salem,27130,North Carolina,973 872 1094
40,Eliseo Wolfe,8/24/16,6851 72nd,Norfolk,23597,Virginia,240 827 2977
41,Jadiel Duran,9/29/00,9662 Armour,Sterling Heights,48318,Michigan,507 891 9432
42,Cory Ball,4/17/89,38 Wentworth,San Bernardino,92383,California,785 892 2006
43,Tony Barr,12/25/38,766 Haft,Boise City,83100,Idaho,251 451 8557
44,Nancy King,3/14/69,9421 Glenwood,Louisville,40570,Kentucky,585 429 4084
45,Joe Schwartz,4/27/15,2273 Evelyn,Cedar Rapids,52221,Iowa,814 575 1520
46,Arya Travis,10/13/07,6131 Steuben,Chandler,85273,Arizona,864 250 9413
47,Brielle Stone,2/21/16,1723 Henke,Olathe,66081,Kansas,979 358 1421
48,Nicole Edwards,10/13/86,2974 Claremont,Fort Worth,76682,Texas,660 979 5676
49,Kinsey Tucker,11/6/41,8076 Flournoy,Chattanooga,37241,Tennessee,419 650 8078
50,Zaniyah Savage,2/25/13,3675 Corbett,Oxnard,93072,California,270 375 8854
51,Cannon Mcbride,5/4/19,6904 91st,Montpelier,5655,Vermont,847 370 2686
52,Trenton Winters,3/26/53,9033 Lithuanian Plaza,Austin,78238,Texas,915 924 0322
53,Payten Nguyen,5/22/64,3049 132nd,Alexandria,22268,Virginia,434 783 7303
54,Rory Fry,8/23/22,4833 Eisenhower Central Av,Mesa,85010,Arizona,309 572 3196
55,Houston Reyes,7/30/39,4853 Melvina,Des Moines,50396,Iowa,972 919 6475
56,Esme Harris,1/21/81,7220 I55 Pulaski Rd,Kansas City,66083,Kansas,980 449 4507
57,Dante Guzman,11/24/93,7309 Chicago Beach,Indianapolis,46314,Indiana,978 373 4279
58,Lukas Morin,3/27/80,530 Miami,Anaheim,92844,California,808 486 9854
59,Kallie Key,4/11/20,2266 Senour,Cedar Rapids,52227,Iowa,484 929 1064
60,Shaun Dudley,10/5/59,2210 Lorel,Atlanta,30531,Georgia,303 978 2264
61,Pierre Sheppard,7/5/13,9884 Kennedy Racine Av,St. Paul,55048,Minnesota,503 264 8370
62,Moises Mueller,9/13/26,8782 Scottsdale,Mesa,85000,Arizona,213 373 9009
63,Benton Myers,10/17/68,4552 Ludlam,Denver,80071,Colorado,614 622 2665
64,Arlo Villarreal,3/22/95,1987 Stevenson 25th St,Tempe,85096,Arizona,810 963 0793
65,Mckenna Richards,5/3/58,7743 Warner,Aurora,80049,Colorado,340 373 8528
66,Nolan Langley,1/16/03,6852 Railroad,Columbia,29055,South Carolina,760 751 1084
67,Romeo Stewart,10/4/09,4915 105th,Chesapeake,23399,Virginia,779 366 5739
68,Russell Holt,7/21/09,8388 Picardy,Pittsburgh,15564,Pennsylvania,847 515 1950
69,Deandre Bonner,11/7/05,7987 Rogers,Irvine,92637,California,206 741 9563
70,Hezekiah Frazier,7/2/02,4654 Janssen,Washington,20321,District Of Columbia,701 922 9254
71,Emilee Robertson,11/2/66,3003 Haddon,Eugene,97478,Oregon,908 535 7772
72,Chloe Bryant,5/25/05,6769 Grady,Rochester,14614,New York,215 105 1138
73,Raiden Whitney,3/18/60,9649 Fremont,Glendale,85056,Arizona,812 555 4748
74,Katelynn Walsh,4/3/64,8674 Dan Ryan La Salle St,Tempe,85062,Arizona,786 463 2231
75,Mollie Nash,6/20/04,6481 Bessie Coleman,Buffalo,14214,New York,973 220 5508
76,Nolan Mcmahon,9/30/63,3031 Landers,Lansing,48880,Michigan,917 395 0844
77,Andre Medina,1/22/04,9550 Baltimore,Orlando,32842,Florida,503 430 7110
78,Charleigh Benson,8/29/28,6226 Hinsdale,Moreno Valley,92583,California,938 793 9712
79,Micah Valencia,6/10/28,8140 Holden,Shreveport,71124,Louisiana,325 545 5975
80,Giovanni Jordan,12/26/97,9619 Dan Ryan 83rd St,Oxnard,93071,California,262 929 1792
81,Courtney Griffin,8/4/16,1369 Monon,Sterling Heights,48319,Michigan,832 230 1514
82,Reuben Bishop,8/26/50,2520 Stevenson Dan Ryan Ib,Allentown,18153,Pennsylvania,806 603 9237
83,Blaine Howell,12/13/94,3012 Drew,Cary,27514,North Carolina,316 735 8807
84,Reese Perry,4/19/72,6319 West Drive Of Oakley,Fontana,92344,California,925 923 5082
85,Bryn Rogers,8/21/91,3064 Meredith,Aurora,60503,Illinois,909 297 9761
86,Skyler Fry,4/27/98,486 Rosemont,Hollywood,33010,Florida,561 830 4020
87,Dillon Pruitt,7/28/50,7991 92nd,Bellevue,98069,Washington,989 767 3601
88,Nikolas Atkinson,12/2/87,8491 Mohawk,Oklahoma City,73809,Oklahoma,407 837 3042
89,Aniyah Huff,5/3/15,1579 Wall,New Haven,6575,Connecticut,312 485 0590
90,Johnathon Mann,3/29/40,7229 Desplaines,Providence,2818,Rhode Island,410 201 1664
91,Marshall Osborne,9/28/23,180 Dan Ryan 79th St,Nashville,37634,Tennessee,971 751 8751
92,Noelle Woodard,3/8/07,8679 Mac Chesney,Nashville,37015,Tennessee,912 831 8198
93,Ayden Hatfield,9/22/94,9698 Arcade,Santa Ana,92674,California,539 687 8955
94,Kylan Walters,1/21/84,203 Rhodes,Irving,75018,Texas,662 282 2344
95,Yadiel Rutledge,1/8/21,4931 Anson,Buffalo,14225,New York,256 270 1761
96,Rayna Guzman,1/24/14,5755 Kemper,Honolulu,96477,Hawaii,561 450 3928
97,Carlee Johnston,6/24/85,7932 Lenox,Charleston,29407,South Carolina,551 409 1352
98,Aleah Hoffman,6/10/09,8322 Estes,Chula Vista,91944,California,401 976 8537
99,Jaydon Mccray,10/10/99,3153 Garfield Square,Tulsa,74989,Oklahoma,979 830 0663
100,Amiya Johnston,7/31/92,1856 Ritchie,Corpus Christi,78340,Texas,229 834 2475
101,Jasmine Mcmillan,11/22/77,9686 Maypole,Dayton,45386,Ohio,860 365 5493
102,Landyn Woodard,10/24/10,6270 40th,Grand Rapids,49531,Michigan,253 106 0858
103,Misael Hopper,8/30/13,9445 Eisenhower Canal St,Greensboro,27479,North Carolina,469 206 2156
104,Brent Guthrie,8/8/60,4983 Haskins,Atlanta,30713,Georgia,779 199 3968
105,Demi Walls,11/18/40,3049 Lyon,Madison,53548,Wisconsin,435 242 5134
106,Kaitlynn Armstrong,11/9/37,8306 I190,Santa Ana,92676,California,704 583 0681
107,Jaqueline Cooley,1/1/91,8207 96th,Oklahoma City,73431,Oklahoma,636 107 4961
108,Roland Mcgee,8/8/60,2189 Lyndale,St. Louis,63071,Missouri,929 695 5724
109,Crystal Gilliam,6/21/47,6751 Sheffield,Moreno Valley,92580,California,858 268 1010
110,Kailynn Blankenship,9/15/40,9986 Le Moyne,Kent,98091,Washington,351 476 6874
111,Charlee Mendoza,11/10/16,5462 Thorndale,Scottsdale,85038,Arizona,340 929 4587
112,Sawyer Malone,1/28/91,8663 Stevenson Dan Ryan Ib,Lansing,48882,Michigan,520 575 2443
113,Denise Palmer,4/6/31,7941 71st,Olathe,66048,Kansas,858 227 8652
114,Hailee Bray,4/25/65,1408 100th,Fremont,94572,California,609 645 4972
115,Lana Stevens,10/17/08,8616 Leland,Orlando,32826,Florida,906 147 6052
116,Mariam Sims,2/15/03,645 Cumberland,Baton Rouge,70893,Louisiana,818 643 7381
117,Estrella Foreman,6/25/06,5364 Carroll,Richmond,23274,Virginia,917 570 1232
118,Eve Underwood,7/5/20,9165 Kiona,Raleigh,27063,North Carolina,618 385 7854
119,Myles Ramsey,8/2/28,6052 Clifford,Hampton,23604,Virginia,785 985 7066
120,Deborah Joyce,9/16/16,4981 Perry,San Antonio,78685,Texas,515 568 7520
121,Celeste Mcpherson,6/27/50,7449 Cottage,Corpus Christi,78803,Texas,770 617 9273
122,Yaritza Dillard,1/27/24,7601 I57,Sacramento,95791,California,435 366 9412
123,Iliana Lee,6/4/01,1704 Hanson,Des Moines,50321,Iowa,831 815 5905
124,Nevaeh Hendrix,5/7/62,1914 Chicago,Montgomery,36141,Alabama,704 101 9110
125,Ali Solomon,11/30/39,2102 Lithuanian Plaza,Las Vegas,89995,Nevada,351 545 6426
126,Barbara Bowman,6/14/30,7241 Balmoral,Glendale,85073,Arizona,920 321 2955
127,Perla Sexton,12/25/65,3904 Melvina,Plano,75354,Texas,440 539 9938
128,Knox Lamb,3/21/66,1959 Myrtle,Montgomery,36168,Alabama,402 683 5570
129,Dante Fuentes,4/4/90,8671 Balmoral,Joliet,60405,Illinois,832 805 2748
130,Aubri Clark,2/13/92,1509 York,Kansas City,66243,Missouri,320 287 4003
131,Cohen Bruce,9/10/98,9591 Roscoe,New Orleans,70404,Louisiana,684 232 4977
132,Ally Mills,1/20/59,7072 Keystone,Ann Arbor,48199,Michigan,757 326 5492
133,Natalya Barron,8/2/29,6499 Ellen,Arlington,76071,Texas,480 467 1181
134,Claire Johns,9/15/84,8555 Dan Ryan Ib Eisenhower,Fort Worth,76714,Texas,585 336 4198
135,Cristopher Leon,8/21/58,4943 Palatine,Boise City,83048,Idaho,458 413 9837
136,Campbell Lloyd,1/29/88,1714 66th,Moreno Valley,92573,California,401 888 7899
137,Blake Hobbs,7/14/30,2643 Lincoln,Toledo,43613,Ohio,516 401 7988
138,Maddox Wilder,3/25/42,4402 Campbell,Fort Worth,76986,Texas,308 115 6406
139,Rosa Erickson,8/21/04,8684 Norman R Bobins,Nashville,37390,Tennessee,310 687 1779
140,Aaden Gould,8/14/14,807 Chicago Skyway 73rd St,Phoenix,85572,Arizona,571 989 9978
141,Marissa Bolton,4/15/95,1166 Oswego,Louisville,40179,Kentucky,605 127 6942
142,Brayan Gray,7/21/11,1985 Tahoma,Independence,64096,Missouri,816 496 6794
143,Saul Bender,8/12/86,4629 Stave,Miami,33898,Florida,385 687 4559
144,Giselle Britt,6/9/80,8090 Dominick,Yonkers,10795,New York,870 148 7664
145,Kaeden Guy,11/29/58,9914 Juneway,Jacksonville,32435,Florida,410 873 9439
146,Matteo Munoz,4/6/79,3578 Chicago Skyway Stony Island Av,Raleigh,27693,North Carolina,339 372 0687
147,Jeffrey Collier,1/11/71,2690 Roslyn,Raleigh,27812,North Carolina,901 622 6856
148,Tyrell Beck,7/2/64,5406 17th,Stamford,6962,Connecticut,563 917 0347
149,Landon Mcdowell,9/29/49,1646 Ridge,Baton Rouge,70366,Louisiana,419 274 3210
150,Celia Matthews,7/4/52,1121 St Paul,Worcester,1668,Massachusetts,641 997 0716
151,Mohammad Mueller,1/14/31,4237 Orchard,Scottsdale,85013,Arizona,407 244 9921
152,Giovanni Cannon,11/9/85,7947 52nd,Thornton,80225,Colorado,848 564 8907
153,Isis Lancaster,1/25/13,4415 Milwaukee,Lansing,48842,Michigan,939 354 7458
154,Yasmin Blevins,4/22/94,6402 Kennedy Ob Eisenhower Ob,Fremont,94540,California,479 660 4036
155,Sandra Paul,8/3/10,2909 Campus,Baton Rouge,70354,Louisiana,920 290 3133
156,Jeremy Kennedy,5/14/53,3302 Kreiter,Alexandria,22275,Virginia,234 811 3326
157,Kailyn Cotton,1/13/25,2350 Tankfarm,Fremont,94585,California,402 606 3076
158,Luz Donaldson,11/10/68,883 Mannheim,Boise City,83246,Idaho,708 731 5429
159,Lilian Chapman,12/7/80,5395 Cullerton,Virginia Beach,23542,Virginia,504 960 0863
160,Colton Nicholson,3/19/03,1357 Southspine,Augusta,30923,Georgia,502 423 5131
161,Omari Skinner,1/19/76,3301 111th,Garland,75317,Texas,435 596 0998
162,Marlee Mccray,1/16/10,5554 Bishop Ford I57,Anaheim,92867,California,785 584 9462
163,Julianna Ortega,4/13/34,7374 Lacey,Fort Worth,76547,Texas,432 232 7087
164,Judah Tyson,9/6/01,4684 Perry,Coral Springs,33058,Florida,939 540 8276
165,Beau Morin,10/18/33,6767 49th,Wichita,67094,Kansas,847 446 2280
166,Karsyn Wood,7/31/43,4562 Anson,Montpelier,5635,Vermont,201 486 3831
167,David Peck,10/16/57,1534 St Johns,Raleigh,27846,North Carolina,817 200 4489
168,Alexandra Mcknight,4/20/42,2682 Irene,Jacksonville,32615,Florida,260 882 7922
169,Dennis Sellers,10/28/52,8230 Banks,Manchester,3100,New Hampshire,315 908 8025
170,Jabari Nieves,3/10/49,5709 Shakespeare,Kent,98002,Washington,334 549 4873
171,Jordyn Benson,6/30/85,1077 Cambridge,Columbus,43699,Ohio,502 589 5260
172,Camilla Fox,11/10/14,7592 Leona,Garland,75959,Texas,504 471 0932
173,Elsa Duffy,12/23/24,3091 Loyola,Independence,64081,Missouri,607 857 7881
174,Cristopher Brooks,5/18/64,7101 115th,Tacoma,98065,Washington,681 542 4472
175,Kylie Lindsey,9/12/41,7634 Giles,Virginia Beach,23745,Virginia,424 306 6116
176,Abel Hopkins,10/13/36,4623 Dan Ryan 35th St,Syracuse,13263,New York,712 556 1079
177,Alaina Snider,8/12/30,8839 Elk Grove,Rochester,14609,New York,971 129 2392
178,Reece Howell,3/2/37,992 Parkside,Des Moines,50353,Iowa,678 827 6662
179,Jordan Byers,10/19/81,3572 Kennedy Ogden Av,Salt Lake City,84035,Utah,202 242 1800
180,Cameron Oneal,6/6/50,4508 Parker,San Antonio,78995,Texas,573 436 1095
181,Camilla Morris,9/11/92,8957 Monon,Stockton,95228,California,434 494 9403
182,Norah Key,5/23/81,6262 Stewart,Charleston,29400,South Carolina,585 661 0590
183,Lilliana Guerrero,7/15/72,6905 Pontiac,Peoria,85377,Arizona,801 814 6557
184,Jaime Solis,7/21/59,9254 Mcfetridge,Topeka,66693,Kansas,929 731 3666
185,Gideon Henson,12/7/92,1126 Drummond,Gainesville,32679,Florida,585 791 8806
186,Holly Gregory,6/13/45,8667 Menomonee,Fargo,58034,North Dakota,330 439 4356
187,Jerimiah Short,6/22/45,3240 West End,Elizabeth,7202,New Jersey,413 608 7854
188,Alisson Craig,7/18/79,5149 Laporte,Louisville,40048,Kentucky,912 532 8323
189,Makai Olsen,2/19/96,4019 Mcleod,Birmingham,35078,Alabama,732 479 8345
190,Bowen Wiley,10/19/33,825 Navarre,Philadelphia,19845,Pennsylvania,484 848 4192
191,Angelique Keller,12/3/22,540 Dakin,Henderson,89012,Nevada,385 596 8769
192,Brisa Wagner,4/17/98,8468 Parkside,Lincoln,68088,Nebraska,423 746 7433
193,Amos May,6/17/06,1137 Lawndale,Provo,84055,Utah,308 568 7999
194,Marlon Roman,7/12/21,9776 Stevenson Ib Dan Ryan,Fargo,58069,North Dakota,585 245 7958
195,Harley Dillon,6/4/01,2650 Cicero,Orlando,32815,Florida,414 370 7705
196,Ryann Carney,8/3/63,7084 Lynch,Orlando,32840,Florida,620 568 0767
197,Kaya Sparks,4/29/29,7844 Eisenhower Ashland Av,San Francisco,94983,California,218 222 8724
198,Tucker Calderon,9/10/41,7852 Belmont,Baton Rouge,70202,Louisiana,650 186 9484
199,Danielle Fitzgerald,12/7/55,246 Bonaparte,Minneapolis,55516,Minnesota,269 460 2357
200,Willow Higgins,12/31/50,6435 Pryor,Lansing,48875,Michigan,832 894 1190
201,Josephine Calderon,3/26/96,4864 Loop,Long Beach,90789,California,731 111 7249
202,Eva Wiley,9/26/96,7061 Juneway,Oxnard,93019,California,661 451 4708
203,Elle Allison,5/31/46,5995 Sanford,Fremont,94551,California,308 671 6480
204,Zariah Moss,4/2/94,5619 115th,Montgomery,36130,Alabama,712 578 5776
205,Aubree Gould,7/4/44,5915 Sayre,Huntsville,35830,Alabama,469 598 7517
206,Destinee Hutchinson,11/21/04,2975 36th,Evansville,47706,Indiana,361 631 0993
207,Damari Melendez,10/4/40,6788 Old Higgins,Lincoln,68315,Nebraska,501 117 5005
208,Luca Byers,4/13/13,5259 Lsd Sb Stevenson Ob,Bridgeport,6602,Connecticut,972 929 9022
209,Sofia Smith,9/11/55,4378 Delaware,Seattle,98572,Washington,385 321 5821
210,Mark Moran,6/30/15,5992 Wacker Dr Lower,Independence,64082,Missouri,303 554 4979
211,Marcel Harris,12/6/47,4831 Kenmore,Augusta,30981,Georgia,903 883 6184
212,Jovanni Stewart,11/9/21,27 Melvina,Greensboro,27479,North Carolina,479 122 2624
213,Yamilet Foreman,1/17/38,4832 Tooker,West Valley City,84097,Utah,814 298 5412
214,Nia Lang,10/28/52,3735 Stone,St. Louis,63193,Missouri,865 214 1180
215,Kamron Perez,2/3/35,7921 Dan Ryan Roosevelt Rd,Knoxville,37403,Tennessee,985 729 2219
216,Olive Conley,11/6/01,4168 Corcoran,Irving,75061,Texas,229 939 3793
217,Janiyah Mcbride,4/21/70,8644 Westgate,Ann Arbor,48162,Michigan,920 504 7506
218,Mae Bush,6/15/83,6243 Dakin,Hialeah,33002,Florida,631 483 8266
219,Cora Case,9/7/10,5504 Everett,Fresno,93296,California,539 393 7774
220,Kailynn Paul,8/17/05,5334 Gratten,New Orleans,70267,Louisiana,681 906 3276
221,Amaya Hebert,9/14/86,4946 Grace,Alexandria,22294,Virginia,786 876 9342
222,Priscilla Luna,12/27/50,8280 Greenleaf,Sacramento,95188,California,769 142 2355
223,Kaitlin Vazquez,3/30/05,6409 Leyden,Indianapolis,46674,Indiana,605 518 2406
224,Violet Mccormick,7/4/45,3527 Bissell,Salt Lake City,84090,Utah,458 991 6688
225,Caitlin Petersen,3/14/55,7718 135th,Grand Rapids,49586,Michigan,769 168 0887
226,Annalise Goodman,2/26/48,7154 Cornell,Topeka,66625,Kansas,212 333 5092
227,Skyla Haley,6/22/76,2871 Forrestville,Jackson,49203,Mississippi,870 264 1107
228,Lilianna Knox,2/17/62,905 Dan Ryan 43rd St,Sioux Falls,57072,South Dakota,714 619 1064
229,Karlee Small,2/19/80,5931 Pippin,Ann Arbor,48164,Michigan,971 180 6754
230,Amber Underwood,12/15/36,7873 Bishop Ford 111th St,Fort Worth,76066,Texas,612 887 1437
231,Jaydon Alvarez,12/19/68,2823 Financial,Garland,75933,Texas,503 878 6403
232,Guadalupe Cote,11/7/13,9032 Henderson,Columbia,29043,South Carolina,863 164 2151
233,Victor Hinton,8/14/50,5772 Delphia,Memphis,38383,Tennessee,980 606 4568
234,Amelie Reynolds,6/27/30,9335 Bay,Tacoma,98063,Washington,276 252 3040
235,Calvin Medina,4/1/72,1469 137th,Providence,2835,Rhode Island,567 952 1332
236,Leo Webster,8/3/03,4383 116th,Providence,2816,Rhode Island,862 460 0830
237,Cohen Riggs,3/1/26,7551 Eberhart,Los Angeles,90821,California,830 814 9718
238,Jeremy Baldwin,5/27/90,9752 North Branch,Fort Lauderdale,33589,Florida,915 435 0909
239,Michelle Crosby,1/11/34,5432 20th,Hampton,23695,Virginia,865 671 7448
240,Westin Roman,7/23/47,3962 Spaulding,Montgomery,36115,Alabama,551 757 2212
241,Athena Roth,9/23/85,7322 Walnut,Peoria,85306,Arizona,912 323 6264
242,Memphis Deleon,10/3/98,7842 86th,Garland,75052,Texas,360 225 1304
243,Jazlyn Powers,7/16/15,5153 Wicker Park,Independence,64090,Missouri,434 313 7081
244,Lucille Hickman,5/17/09,6996 Midway Airport Lower,Cleveland,44974,Ohio,469 556 2569
245,Muhammad Andrews,5/13/10,9734 Dan Ryan 47th St,Fort Lauderdale,33165,Florida,312 756 7945
246,Andy Hammond,1/13/27,3836 Magnet,Fresno,93640,California,615 938 4466
247,Cain Berry,8/12/57,8597 Mccook,Manchester,3100,New Hampshire,717 570 8782
248,Deegan Adkins,5/3/04,1328 Cornell,Shreveport,71125,Louisiana,571 954 7453
249,Madeline Henry,10/24/10,1007 Commercial,Fargo,58088,North Dakota,386 286 2211
250,Rosemary Pierce,3/14/02,883 Ozanam,Fargo,58068,North Dakota,224 613 9607
251,Trinity Harrison,3/31/03,3569 Dan Ryan Ib Stevenson,North Las Vegas,89662,Nevada,804 258 4382
252,Fernando Armstrong,5/20/81,4065 Kennedy Pulaski Rd,Philadelphia,19343,Pennsylvania,540 838 7184
253,Gideon Stephens,7/13/43,1164 St Georges,Memphis,38541,Tennessee,956 619 2980
254,Carla Hart,7/28/03,2665 Institute,Las Vegas,89945,Nevada,973 146 7401
255,Samiya Wise,5/15/43,5500 Noble,Huntsville,35804,Alabama,361 112 6077
256,Evelyn Reyes,2/2/16,7539 Wilson,Boise City,83106,Idaho,573 179 2866
257,Ali Weeks,6/9/21,8103 Potomac,Jersey City,7215,New Jersey,631 608 0223
258,Demarcus Marquez,1/25/74,3210 Balmoral,Olathe,66046,Kansas,938 430 3988
259,Aubrianna Miles,6/23/02,6857 Schilling,Savannah,31327,Georgia,406 161 7170
260,Kamryn Evans,8/5/10,1959 109th,Yonkers,10736,New York,302 315 9318
261,Paityn Decker,2/9/30,1967 Kasson,St. Petersburg,33711,Florida,406 286 2366
262,Ellis Galloway,10/30/15,2366 132nd,Birmingham,35010,Alabama,304 606 7107
263,Erica Sims,7/11/96,3575 Lansing,Kansas City,66062,Kansas,507 292 1726
264,Renata Jackson,9/13/97,9419 Dan Ryan Ib Franklin Ext,Hialeah,33072,Florida,212 628 0780
265,Santino Berry,8/21/95,7892 Montrose,Aurora,60501,Illinois,442 935 0335
266,Jazlyn Lynch,6/4/29,9036 Lsd Oakwood Bl,West Valley City,84072,Utah,434 169 8654
267,Keith Stout,12/15/12,5341 Lytle,San Francisco,94097,California,937 775 1059
268,Kaelynn Jennings,5/4/71,4900 Eisenhower Kostner Av,Bridgeport,6628,Connecticut,952 936 0369
269,Quintin Curry,9/4/16,6665 Lynch,Portland,97869,Oregon,901 919 7255
270,Violet Sargent,4/3/88,4799 Stetson Sub,Jersey City,7321,New Jersey,650 476 8374
271,Aspen Stuart,8/24/11,8492 Village,Scottsdale,85067,Arizona,681 259 7221
272,Dorian Mcgee,4/25/97,5503 Nickerson,Colorado Springs,80584,Colorado,530 145 7096
273,Kane Perez,3/15/85,4597 Carondolet,Elizabeth,7205,New Jersey,810 240 5600
274,Travis Byrd,7/11/04,7341 Schreiber,Thornton,80276,Colorado,202 685 6946
275,Camryn Wagner,1/26/17,3039 Campus,Augusta,30956,Georgia,812 502 5644
276,Nylah Bartlett,4/13/10,3526 Eisenhower Taylor St,Long Beach,90776,California,339 942 7058
277,Rowan Barrera,2/26/49,7284 Chicago Skyway 87th St,Dallas,75860,Texas,947 298 0921
278,Mercedes Burton,12/12/16,7641 Grace,Jacksonville,32912,Florida,615 633 1909
279,Abraham Goodwin,12/20/63,2955 Chicago Skyway State St,Las Vegas,89210,Nevada,442 544 8932
280,Mariam Henderson,3/22/34,7918 Linden,Fort Worth,76993,Texas,763 658 6443
281,Paula Frye,7/2/06,6643 Elk Grove,Phoenix,85590,Arizona,567 954 0670
282,Abel William,12/15/31,4963 Dayton,Birmingham,35084,Alabama,812 590 6369
283,Esperanza Combs,5/17/73,9446 Delphia,St. Petersburg,33735,Florida,316 765 3775
284,Erika Mccarthy,2/22/01,5388 Mccormick Pl Busway,Hampton,23653,Virginia,406 715 5310
285,Cambria Willis,7/9/13,1906 Legett,Peoria,61526,Illinois,650 885 0121
286,Abram Christensen,12/27/46,3980 Wacker Ramp Lower,Topeka,66601,Kansas,417 472 1448
287,Lawson Stanton,11/5/20,4729 East Drive Of Oakley,Hialeah,33019,Florida,352 509 8587
288,Evie Duffy,10/29/69,4800 Newberry,Yonkers,10719,New York,407 222 4325
289,Eliseo Reeves,7/2/85,4893 Eisenhower Homan Av,Worcester,1699,Massachusetts,508 743 8605
290,Royce Clements,4/6/54,1155 Anchor,Oklahoma City,73093,Oklahoma,512 989 3617
291,Trey Herring,4/1/64,6613 Bonfield,Phoenix,85310,Arizona,747 998 6106
292,Bridget Petersen,10/3/17,5220 Kennedy Ontario St,Olathe,66043,Kansas,458 657 6378
293,Ellie Powers,2/22/08,5553 South Water Ramp Lower,Hartford,6195,Connecticut,216 125 6842
294,Cynthia Howard,7/20/59,6838 Stevenson Dan Ryan Ib,San Bernardino,92343,California,423 117 9385
295,Niko Carroll,11/16/32,7484 Elsdon,Tampa,33495,Florida,385 871 2963
296,Brianna Banks,11/19/21,2055 Pacific,San Diego,92880,California,252 320 0412
297,Greta Trevino,11/28/73,1698 Fry,Cincinnati,45215,Ohio,908 707 4784
298,Damien Hayden,10/5/58,4305 Sedgwick,Lakewood,80218,Colorado,216 411 3281
299,Izaiah Collier,9/23/81,9167 Lsd 53rd St,Baltimore,21066,Maryland,225 126 3898
300,Rivka Underwood,3/9/31,1718 Augusta,Peoria,85357,Arizona,608 316 4869
301,Aarav Anthony,8/21/99,9525 Nora,Greensboro,27408,North Carolina,671 103 0207
302,Deon Woodward,5/26/28,511 Eisenhower Franklin St,New Orleans,70660,Louisiana,386 450 9067
303,Jude Navarro,4/13/02,8014 Portland,Chandler,85223,Arizona,938 843 3599
304,Nylah Sawyer,2/17/09,9152 Maud,Lakewood,80242,Colorado,724 597 0961
305,Nelson Massey,1/20/35,2191 Museum,Kansas City,66257,Missouri,956 528 1740
306,Luca Rasmussen,10/24/24,5231 64th,Cincinnati,45204,Ohio,432 734 5595
307,Cannon Dalton,2/19/06,3050 Evans,Topeka,66630,Kansas,657 371 7114
308,Johnny Cunningham,6/22/06,9538 Edens Cicero Av,Clarksville,37061,Tennessee,806 192 4926
309,Weston Suarez,9/28/10,2315 Erie,Moreno Valley,92568,California,678 966 4722
310,Miles Molina,5/19/15,5224 125th,Phoenix,85300,Arizona,915 837 3580
311,Addyson Pierce,6/23/69,9021 Touhy,Norman,73082,Oklahoma,228 825 4878
312,Mckenzie Baird,6/8/15,2288 Arch,Seattle,98932,Washington,920 601 4738
313,Claire Lynn,7/21/70,1530 Bryn Mawr Av,St. Louis,63840,Missouri,248 545 4041
314,Ashlynn Rose,6/7/70,8148 Julia,Joliet,60444,Illinois,938 163 7364
315,Izaiah Browning,2/25/75,1943 Lyndale,Aurora,80025,Colorado,938 870 0775
316,Alessandra Richards,4/9/13,4964 Postoffice,Cincinnati,45255,Ohio,435 347 6726
317,Carter Gill,9/7/65,5613 Western,Elizabeth,7288,New Jersey,229 233 9131
318,Karson Mcdowell,3/18/03,9158 Humboldt,Seattle,98644,Washington,931 360 3076
319,Justice Jennings,2/5/01,4940 Wells,Elizabeth,7279,New Jersey,917 428 1874
320,Sergio Farley,6/27/18,5757 Potawatomie,Irvine,92613,California,414 990 3676
321,Ayleen Henson,3/10/66,8404 Homer,Fort Lauderdale,33217,Florida,978 829 4412
322,Savanna Vincent,3/23/50,1115 Armour,Syracuse,13260,New York,360 704 6659
323,Tucker Tyson,2/25/84,9490 Wieland,Springfield,65751,Missouri,605 601 0125
324,Karen Patton,8/21/15,9735 Columbus,Hartford,6197,Connecticut,516 422 6953
325,Kiersten Melton,9/9/82,5935 Forestview,Stamford,6927,Connecticut,303 348 1599
326,Gavyn Albert,10/27/57,7493 Oleander,Little Rock,72160,Arkansas,432 593 3361
327,Lexie Webster,7/11/03,8484 New,El Paso,79839,Texas,786 960 3149
328,Camden Weiss,12/16/55,823 Benson,Montgomery,36153,Alabama,916 784 6102
329,Eugene Bush,4/10/05,1616 Jarlath,Birmingham,35082,Alabama,508 978 3281
330,Valeria Kent,9/19/32,8072 Robinson,Eugene,97413,Oregon,832 508 5848
331,Mia Williams,1/2/06,6600 Lessing,Scottsdale,85049,Arizona,231 952 2932
332,Geraldine Mcdowell,1/20/17,7232 Magnet,Boston,2878,Massachusetts,267 905 0297
333,Janelle Summers,7/21/58,3296 Campbell,Mobile,36621,Alabama,878 255 9126
334,Laurel Alston,3/1/07,7662 Wong,Phoenix,85673,Arizona,814 272 0295
335,Ruth Browning,3/26/84,8643 Stevenson State St,Baltimore,21783,Maryland,425 368 5896
336,Diego Nicholson,4/25/15,3633 La Salle,Cary,27514,North Carolina,731 634 3511
337,Rory Hewitt,9/13/02,644 Eastwood,Fayetteville,72721,North Carolina,973 854 3954
338,Yazmin Sears,6/29/03,5862 Lambert,Atlanta,30593,Georgia,442 522 8836
339,Dustin Johns,8/29/59,3869 Fort Dearborn,Columbus,43037,Ohio,660 606 9884
340,Louis Garrett,8/14/69,9455 South Shore,Madison,53424,Wisconsin,458 753 1591
341,Zaniyah Cross,11/22/64,2840 Avenue C,Aurora,60573,Illinois,636 842 5508
342,Hayley Moreno,5/3/57,2573 Schraeder,Columbus,31945,Georgia,520 366 4946
343,Kaylynn Anthony,11/13/23,5212 I55 Pulaski Rd,Oakland,94330,California,707 809 4409
344,Jordyn Mullen,8/4/53,6781 Lawler,Gainesville,32679,Florida,661 375 3419
345,Hugo Giles,9/24/07,6194 Oconto,Pittsburgh,15595,Pennsylvania,352 325 1622
346,Kole Pate,7/17/75,3617 Dickens,Durham,27382,North Carolina,707 507 4597
347,Ellie Gentry,5/23/06,212 Crilly,Charlotte,28238,North Carolina,323 481 1740
348,Gregory Crane,1/18/64,8832 Windsor,Alexandria,22291,Virginia,337 276 9071
349,Marquis Green,7/4/50,3351 Shakespeare,Richmond,23235,Virginia,878 334 8247
350,Kymani Crane,7/22/24,1639 Lawrence Wilson,Greensboro,27491,North Carolina,219 197 0220
351,Imani Cooper,6/20/21,2226 Norman R Bobins,Boston,2006,Massachusetts,507 298 1633
352,Carmen Brewer,1/6/67,2872 Northwest,Amarillo,79133,Texas,402 624 6465
353,Bentlee French,9/14/16,5897 Lsd Wacker Dr Nb,Topeka,66608,Kansas,330 568 8735
354,Elliott Parker,12/28/17,4876 78th,Oklahoma City,73351,Oklahoma,845 891 1290
355,Masen Williamson,12/8/97,1640 Bosak,Salem,97343,Oregon,340 990 3718
356,Turner Santos,7/5/82,4250 Dan Ryan 83rd St,Cleveland,44111,Ohio,414 839 0827
357,Madyson Long,2/25/45,5403 134th,Nashville,37435,Tennessee,320 705 2117
358,Emilie Cardenas,11/29/21,7180 121st,Denver,80790,Colorado,620 509 8231
359,Jonah Deleon,3/4/37,538 13th,Honolulu,96374,Hawaii,516 323 3150
360,Kamden Miles,6/26/77,3707 Bishop Ford 130th St,Madison,53590,Wisconsin,601 409 8272
361,Tommy Lester,9/29/96,2453 138th,Bakersfield,93003,California,509 238 6022
362,Isaac Watts,7/23/87,3227 Norwood,Tacoma,98083,Washington,425 519 3198
363,Marisol Hudson,8/17/02,7882 Olmsted,Fort Wayne,46526,Indiana,609 856 1470
364,Urijah Conley,9/15/47,8174 97th,Garland,75901,Texas,910 569 3255
365,Wayne Hess,3/13/01,3732 Southspine,Cedar Rapids,52229,Iowa,760 867 2317
366,Christian Gilliam,4/8/66,4284 Markham,Fontana,92363,California,708 266 3831
367,Pierre Oneil,10/25/68,4016 39th,Corpus Christi,78054,Texas,562 106 7887
368,Orion Obrien,10/15/81,7184 Picardy,San Antonio,78041,Texas,678 503 2627
369,Zaiden Barr,12/8/76,1310 Neola,Plano,75244,Texas,915 359 5024
370,Nataly Gaines,10/21/85,2085 Somerset,Hampton,23657,Virginia,763 432 1023
371,Sonia Hart,7/29/15,7669 Huntington,Houston,70910,Texas,404 982 3186
372,Jaiden Ruiz,8/21/37,7360 Armitage,Seattle,98672,Washington,517 845 1835
373,Catherine Wallace,5/5/53,1317 Elliott,Salem,97321,Oregon,386 206 8100
374,Yuliana Rivera,1/3/11,9915 Anchor,Huntsville,35881,Alabama,406 795 5402
375,Felicity Rutledge,5/26/07,1671 Whipple,Honolulu,96649,Hawaii,972 984 6317
376,Kimora Hunter,6/1/73,3409 Kennedy Pulaski Rd,Modesto,95383,California,863 682 2895
377,Ryland Adams,1/26/96,6798 Lunt,Fontana,92375,California,714 259 7423
378,Miriam Brewer,5/22/12,6604 Kennedy Ohio Feeder,Birmingham,35028,Alabama,832 203 1111
379,Kamden Rodriquez,8/27/02,9787 Lithuanian Plaza,Syracuse,13263,New York,906 674 4992
380,Brody Mcfarland,3/7/92,7706 Sedgwick,Riverside,92516,California,409 488 1314
381,Dimitri Dawson,4/13/62,2579 Pulaski,Milwaukee,53999,Wisconsin,302 699 6488
382,Nina Tucker,1/22/55,1687 Winona,Washington,20268,District Of Columbia,717 941 4639
383,Paloma Booker,7/12/01,485 Hazel,Kent,98006,Washington,409 392 7864
384,Rivka Good,4/7/01,6924 Russell,San Francisco,94360,California,361 810 0536
385,Adrienne Osborn,1/26/83,1796 Kennedy North Av,Manchester,3107,New Hampshire,704 649 9685
386,Derek Mack,1/12/67,4000 89th,Kansas City,66037,Kansas,414 197 2894
387,Maliyah Velasquez,9/21/67,2772 Midway Airport Cicero Ave,Oklahoma City,73523,Oklahoma,339 819 6053
388,Jaime Talley,4/27/46,2932 Wacker Ramp,St. Louis,63427,Missouri,636 944 8044
389,Dimitri Mathews,10/16/31,3357 Vernon Park,Jacksonville,32821,Florida,646 351 8748
390,Channing Sweeney,2/3/96,2565 Davlin,Chattanooga,37701,Tennessee,239 993 9651
391,Dayton Brady,12/7/63,2491 72nd,Olathe,66005,Kansas,862 979 1363
392,Serena Love,8/12/78,3324 St Johns,Reno,89516,Nevada,802 850 7578
393,Tianna Manning,11/10/83,742 96th,Riverside,92511,California,443 861 4632
394,Angela Mooney,6/14/71,215 Stevenson Ib Dan Ryan Ib,Bakersfield,93392,California,862 232 8706
395,Kamryn Carrillo,3/1/09,2739 Merchandise Mart,Lubbock,79525,Texas,614 592 2371
396,Mayson Simpson,9/1/66,4236 Bingham,Tulsa,74323,Oklahoma,612 571 5037
397,Paul Jimenez,11/18/86,975 Virginia,Fayetteville,72725,North Carolina,585 531 9660
398,Shaun Harrington,9/2/68,1784 Hoyt,Gilbert,85200,Arizona,703 527 4556
399,Deven Parker,3/9/05,8683 Luella,Jersey City,7969,New Jersey,863 685 0005
400,Aviana Lambert,9/3/58,3175 Benson,Denver,80644,Colorado,414 697 2042
401,Kayson Wells,12/25/38,7185 Woodward,Hartford,6175,Connecticut,973 459 5592
402,Lizbeth Duffy,7/1/61,6330 Nettleton,Irving,75087,Texas,219 792 0175
403,Taryn Molina,8/22/07,3391 Best,Bakersfield,93521,California,682 781 0469
404,Lesly Dotson,8/21/38,9951 Southport,Scottsdale,85003,Arizona,610 799 7218
405,Eliana Terry,12/27/32,8825 Sheridan,Salt Lake City,84014,Utah,601 758 8085
406,Dexter Boyle,7/13/86,6706 Delano,Charlotte,28351,North Carolina,262 526 0207
407,Amirah Estes,11/29/31,5726 90th,Columbus,43998,Ohio,478 839 5335
408,Madalyn York,8/2/35,8429 Haddock,Milwaukee,53600,Wisconsin,804 347 0969
409,Hank Melton,7/31/90,8196 Spaulding,Kansas City,66658,Missouri,740 359 3732
410,Gilbert Conrad,1/6/09,931 Parkside,Detroit,48859,Michigan,303 516 1893
411,Brendon Dudley,9/28/19,7109 Bell,Syracuse,13290,New York,320 568 9654
412,Rosalie Foster,7/10/16,7686 Front,Louisville,40871,Kentucky,425 203 6103
413,Jesus Hensley,2/27/48,9600 Sawyer,Ann Arbor,48123,Michigan,769 700 4695
414,Amira Collins,9/8/03,4996 134th,Dallas,75247,Texas,409 631 0643
415,River Hester,12/20/18,1957 Monsignor Mcelligott,Fresno,93706,California,207 293 4444
416,Alfonso Tyler,12/3/69,4169 Marion,San Francisco,94173,California,760 702 6413
417,Laura Hendrix,8/22/60,9964 Institute,Laredo,78054,Texas,769 281 3884
418,Arabella Osborne,8/15/83,9700 Lehigh,Overland Park,66245,Kansas,801 872 2523
419,Will Walls,3/10/14,6136 Garfield Square,San Bernardino,92360,California,779 373 6153
420,Frederick Lara,5/3/49,174 Cedar,Garland,75821,Texas,828 256 4039
421,Giovanni Jenkins,8/8/77,1995 Oakdale,Murfreesboro,37123,Tennessee,478 675 6852
422,Heather Estes,11/7/32,5730 Malta,Shreveport,71134,Louisiana,979 782 3201
423,Clare Savage,12/31/07,6843 Churchill Row Access,Henderson,89096,Nevada,562 993 7189
424,Greyson Lewis,10/18/06,7334 Junior,Atlanta,30173,Georgia,769 825 1272
425,Ayana Hancock,4/11/61,2454 Stevenson Ib Lsd Nb,St. Petersburg,33787,Florida,330 328 4146
426,Ruth Salazar,8/18/73,8730 Ogden,Topeka,66663,Kansas,607 630 7040
427,Emilio Dunn,8/23/42,8215 North Water Lower,Fresno,93407,California,769 765 4020
428,Noemi Lester,11/13/10,9576 Carondolet,Des Moines,50375,Iowa,508 368 8594
429,Kristina Gallagher,7/20/99,5987 Eisenhower Ob Kennedy Ob,Scottsdale,85059,Arizona,956 646 5800
430,Arya Burton,5/10/78,3318 Eisenhower Racine Av,Fresno,93278,California,817 732 6923
431,Willie Ramirez,3/11/16,5739 Algonquin,Tampa,33162,Florida,859 701 5411
432,Manuel Mathews,10/3/51,5977 Dan Ryan 51st St,Las Vegas,89152,Nevada,409 575 3733
433,Tony Holcomb,3/9/10,1568 Stevenson Ob Dan Ryan,Kent,98051,Washington,858 327 0350
434,Owen Ward,12/15/13,5098 Gettysburg,Baton Rouge,70967,Louisiana,908 567 5080
435,Jazlyn Solis,11/14/06,4486 Hollywood,Warren,48050,Michigan,651 834 0422
436,Anthony Guerrero,3/11/68,9772 Richland,Corpus Christi,78092,Texas,479 276 9217
437,Brooklynn Benton,11/24/96,7696 Sioux,Peoria,85303,Arizona,762 870 9567
438,Kiersten Klein,2/12/51,3509 Massasoit,Pittsburgh,15180,Pennsylvania,732 700 3257
439,Journee Henderson,4/1/72,3068 Gordon,Bakersfield,93478,California,415 175 3785
440,Byron Lester,3/24/99,6932 121st,Shreveport,71191,Louisiana,787 139 7133
441,Kelsie Gentry,1/23/21,7411 Mozart,Baton Rouge,70575,Louisiana,928 636 4736
442,Riley Oneal,7/21/75,1930 Kenwood,Spokane,99229,Washington,712 315 5687
443,Angel Rush,12/14/12,9108 Lake Shore Lower,Arlington,76590,Texas,562 941 5615
444,Teresa Woods,6/7/67,2548 Mayfield,San Francisco,94196,California,920 183 0087
445,Anthony Carey,11/12/58,1850 Harlem,Aurora,80059,Colorado,252 236 9028
446,Jillian Craft,5/12/79,1910 Harding,Memphis,38227,Tennessee,239 944 7245
447,Bailee Bishop,10/26/40,9497 Kimbark,Pittsburgh,15739,Pennsylvania,754 602 7169
448,Liv Bernard,5/23/11,6871 Busse,Tempe,85015,Arizona,956 700 3560
449,Adonis Curry,5/14/13,1219 Ionia,Colorado Springs,80924,Colorado,480 245 2815
450,George Graham,4/18/19,4483 Eisenhower Damen Av,Evansville,47747,Indiana,760 942 8659
451,Julian Huffman,12/24/12,8120 Hubbard,Newark,7118,New Jersey,804 173 9185
452,Mariah George,3/3/03,7266 91st,Mesa,85854,Arizona,762 821 3467
453,Lilly Pratt,2/6/84,4763 Park Shore East,Providence,2844,Rhode Island,985 663 5160
454,Jonah Gross,6/15/15,2394 Euclid,Oklahoma City,73290,Oklahoma,520 453 8494
455,Emma Bradford,11/3/69,7002 76th St Ford City,Thornton,80260,Colorado,609 900 2065
456,Isaac Case,1/22/01,4031 Kennedy Madison St,Stockton,95969,California,862 670 9452
457,Sariyah Mcconnell,9/3/67,2571 Lake Park,Murfreesboro,37118,Tennessee,970 170 3338
458,Amanda Lancaster,4/18/19,9312 Swann,Hartford,6143,Connecticut,914 786 9520
459,Sasha Mullins,6/23/47,5299 Kennedy Ogden Av,Rockford,61119,Illinois,386 991 1854
460,Kensley Meyer,9/4/16,7407 Kingston,Washington,20382,District Of Columbia,608 641 4120
461,Celeste Barton,11/27/09,3798 Summit,Chattanooga,37813,Tennessee,913 826 2797
462,Landon Burks,6/29/58,9102 Baker,Memphis,38893,Tennessee,504 445 9412
463,Emely Juarez,11/11/85,3739 Cortez,Raleigh,27244,North Carolina,617 172 2364
464,Damian Roman,6/19/51,392 Stevenson Expy,Oxnard,93083,California,706 447 9467
465,Tiffany Guzman,6/27/74,4246 Browning,Naperville,60418,Illinois,262 629 4024
466,Jessie Mcbride,3/20/30,9057 Dan Ryan Ib Eisenhower Ob,Gilbert,85277,Arizona,928 215 2525
467,Lawson Clemons,4/12/82,1827 Linder,Coral Springs,33080,Florida,479 424 3029
468,Marilyn Bryant,11/27/57,6017 Saginaw,New Haven,6581,Connecticut,316 440 8667
469,Eduardo Mccarty,10/19/00,7837 Kennedy Milwaukee Av,Garland,75103,Texas,848 353 7932
470,Reece Moore,10/30/37,9589 Belle Plaine,Wichita,67489,Kansas,720 181 6169
471,Max Romero,2/10/55,6614 Dan Ryan La Salle St,Lubbock,79003,Texas,763 155 8633
472,Darius Burt,11/25/43,3109 Dr Martin Luther King Jr,Toledo,43553,Ohio,917 744 6133
473,Jadon Lott,3/14/72,479 Stevenson Dan Ryan,Oxnard,93038,California,989 831 0017
474,Eleanor Norman,6/6/17,9782 Kennedy Ib,Tucson,85409,Arizona,415 882 5685
475,Yareli Bond,4/10/95,8608 Prindiville,Fremont,94584,California,559 680 4301
476,Mohammad Chan,7/4/26,5996 Swann,Aurora,60522,Illinois,865 524 9505
477,Rey Grant,8/25/42,9535 Besly,Paterson,7580,New Jersey,331 980 5784
478,Cecelia Harrington,4/23/81,8362 Arcade,Richmond,23299,Virginia,908 959 3113
479,Bryleigh Spencer,12/15/50,5424 Kennicott,Gilbert,85250,Arizona,971 445 1762
480,Maximo Allen,1/20/10,8412 86th,Washington,20042,District Of Columbia,203 291 8305
481,Ana Rhodes,3/14/03,6244 Carver,Anchorage,99190,Alaska,530 593 2540
482,Jaycee Parks,9/29/01,8789 Lsd Sb Stevenson Ob,Paterson,7506,New Jersey,585 222 1930
483,Ben Fitzpatrick,11/22/12,5751 Dan Ryan 39th St,Kansas City,66393,Missouri,815 144 9777
484,Asa Sampson,7/1/52,3556 Lovejoy,Milwaukee,53891,Wisconsin,458 610 4338
485,Donte Newton,10/3/60,3327 South Water Sub,Kansas City,66811,Missouri,321 527 6545
486,Claudia Zimmerman,6/5/43,8727 Laflin,Moreno Valley,92508,California,760 262 3266
487,Alani Johns,7/16/38,9183 Balmoral,Charlotte,28315,North Carolina,213 662 6042
488,Sophie Duncan,12/31/81,5708 Larned,Anchorage,99287,Alaska,361 675 9177
489,Zariyah Cameron,7/3/93,2874 Margate,Fort Lauderdale,33031,Florida,478 875 8311
490,Major Jarvis,1/11/95,167 79th,Tucson,85231,Arizona,513 583 0521
491,Braylin Goodwin,10/14/20,8312 Delano,Fort Collins,80578,Colorado,479 696 0035
492,Evelynn Le,9/7/54,6833 126th,Provo,84041,Utah,931 547 3028
493,Gibson Sharp,11/10/17,5580 Indian,Oakland,94878,California,682 959 5732
494,Gwyneth Winters,2/10/70,9950 Irene,St. Paul,55049,Minnesota,480 313 8465
495,Rogelio Landry,5/20/44,610 Ottawa,San Bernardino,92312,California,470 258 4039
496,Johanna Maldonado,1/5/26,2939 Van Vlissingen,Ann Arbor,48144,Michigan,781 713 4449
497,Charley Mckay,12/13/78,7200 Forestview,Spokane,99203,Washington,458 582 8335
498,Jensen Gray,8/9/16,9860 Stratford,Wichita,67090,Kansas,520 146 7440
499,Darian Dotson,2/24/02,1983 Vermont,Winston-salem,27183,North Carolina,408 697 0669
500,Mayson Meyers,1/7/97,8399 Scottsdale,Aurora,60584,Illinois,931 102 2424
501,Freddy Snyder,6/7/58,365 State,Fontana,92347,California,831 299 4053
502,Gunnar Brock,11/5/08,2539 24th,Newark,7127,New Jersey,216 589 7038
503,Kiersten Nichols,8/16/36,5021 Mann,Charlotte,28344,North Carolina,571 121 7212
504,Braylin Alston,5/23/24,8798 Kennedy Racine Av,Atlanta,30744,Georgia,774 827 8252
505,Arely Blankenship,1/23/95,8779 Kerbs,Hollywood,33005,Florida,925 486 6353
506,Steven Rodriguez,3/30/94,7132 Cullerton,Des Moines,50377,Iowa,316 912 8319
507,Camilla Ross,6/7/95,1340 Ib Northwest,Orlando,32820,Florida,469 949 7836
508,Lee Bowman,11/16/42,9667 Morse,Fremont,94504,California,218 254 9971
509,Louis Rollins,2/3/10,3847 Clinton,Providence,2861,Rhode Island,772 780 7284
510,Patrick Compton,8/15/94,1024 Panama,El Paso,79332,Texas,815 593 7755
511,Skyler Sharpe,11/12/33,53 Anthon,Knoxville,37150,Tennessee,609 908 1668
512,Marlon Lambert,6/23/02,1659 Maryland,Mobile,36687,Alabama,224 516 7469
513,Abby Snow,6/14/01,8374 Avenue H,Denver,80393,Colorado,607 315 3018
514,Kayden Dennis,8/24/22,2395 Mango,Philadelphia,19259,Pennsylvania,432 556 0799
515,Leo Lindsay,2/15/10,5574 Wong,Chesapeake,23341,Virginia,850 452 8989
516,Cain Harrison,12/1/25,1582 Simonds,Bridgeport,6698,Connecticut,309 721 9552
517,Darren Prince,10/4/26,9399 11th,Washington,20278,District Of Columbia,808 137 7147
518,Dane Wilkinson,8/2/21,2651 Keating,Kansas City,66021,Kansas,732 581 4282
519,Gunnar Marks,10/19/08,1744 Dakin,Fargo,58030,North Dakota,406 689 7616
520,Laura Bailey,8/23/00,4417 Private,Atlanta,30235,Georgia,517 279 7856
521,Finley Hayes,1/17/14,5118 Hood,Tulsa,74103,Oklahoma,757 551 8134
522,Harlow Mercer,9/8/14,297 Yates,Albuquerque,87113,New Mexico,773 131 0814
523,Kinsley Serrano,8/22/04,8297 127th,Charleston,29403,South Carolina,512 545 7371
524,Ronin Guerra,2/5/27,8066 121st,Tulsa,74774,Oklahoma,330 838 2773
525,Callen Donaldson,2/5/27,2711 Kennedy Milwaukee Av,Paterson,7581,New Jersey,539 542 4584
526,Kairi Beach,6/5/07,7283 Van Schaik,Wichita,67000,Kansas,717 162 5896
527,Michael Jensen,8/14/06,8865 103rd,Atlanta,30157,Georgia,386 390 3855
528,Maggie Norman,5/30/67,2812 Marine,St. Louis,63515,Missouri,510 160 8041
529,Anahi Mathews,8/6/72,9830 Caton,Charleston,29403,South Carolina,915 527 3609
530,Gideon Flores,6/14/01,1317 Elias,Elizabeth,7284,New Jersey,972 276 6425
531,Declan Johnston,1/12/99,7079 Southspine,Nashville,37547,Tennessee,620 625 0932
532,Nora Ferguson,4/29/16,2393 79th,Wichita,67174,Kansas,573 197 0834
533,Aditya Le,7/23/26,3505 Honore,Columbia,29063,South Carolina,973 864 2690
534,Laila Contreras,8/24/67,3142 63rd,San Antonio,78227,Texas,952 528 6415
535,Yadiel Smith,7/1/06,2366 Prairie Park,Houston,70778,Texas,937 861 6221
536,Rayne Mercer,9/9/99,2131 Harbor,Lubbock,79569,Texas,801 113 7519
537,Tony Roman,3/16/32,3762 54th,Montpelier,5653,Vermont,802 954 8956
538,Alexandra Aguilar,8/6/12,3819 Avondale,Montgomery,36125,Alabama,234 896 8680
539,Johanna Aguirre,6/19/36,97 Dan Ryan 31st St,Albuquerque,87700,New Mexico,939 429 5272
540,Bryson Tran,9/22/19,2193 Natoma,Oxnard,93064,California,253 453 6392
541,Hugo Clark,6/16/75,9686 Winnemac,Louisville,40845,Kentucky,781 175 7001
542,Joey Goodwin,2/27/58,5201 Higgins,Norman,73092,Oklahoma,434 123 4769
543,Bently Farley,11/7/62,254 River Walk,Naperville,60412,Illinois,856 399 4820
544,Shawn Bowers,12/27/05,7761 Wolcott,Manchester,3103,New Hampshire,251 270 2795
545,Demarcus Molina,8/2/48,4096 Jarvis,Santa Ana,92664,California,682 724 3730
546,Kody Rhodes,3/27/03,7466 Janssen,Chesapeake,23340,Virginia,716 594 7491
547,Daniel Buck,2/8/30,846 Wells,Cary,27513,North Carolina,865 267 9815
548,Cesar Shaw,8/16/40,6614 Ellsworth,Hampton,23632,Virginia,765 788 2256
549,Ximena Burt,7/31/05,3782 Lake Calumet Harbor Ent,Toledo,43222,Ohio,586 323 7859
550,Danna Hyde,11/23/84,3549 Belle Plaine,Hollywood,33013,Florida,928 426 2889
551,Kane Greer,11/18/16,2457 Winston,Paterson,7565,New Jersey,231 869 3223
552,Atticus Battle,6/20/50,6814 Emmett,Henderson,89038,Nevada,858 872 3818
553,Ismael Sykes,8/20/12,1321 Lsd Montrose Av,Tulsa,74237,Oklahoma,731 706 2513
554,Rebecca Jones,2/28/39,9154 Beaubien,Fort Collins,80525,Colorado,417 380 4038
555,Nylah Nichols,3/31/83,2953 Montgomery,San Antonio,78440,Texas,843 394 0480
556,Jadiel Solis,7/24/14,6618 Richmond,Augusta,30948,Georgia,716 604 6212
557,Jax Gentry,4/14/21,1545 11th,Fort Collins,80551,Colorado,334 329 5077
558,Isabella Howell,9/28/74,7743 Hale,Norman,73055,Oklahoma,253 824 1308
559,Johnny Rollins,5/8/09,5096 Seeley,Thornton,80221,Colorado,802 809 1057
560,Eric Holland,6/26/11,824 Julian,Jackson,49205,Mississippi,671 314 9918
561,Mariam Faulkner,3/4/85,975 Bosworth,Oklahoma City,73633,Oklahoma,231 769 0467
562,Giselle Lindsey,6/2/16,9595 Jonquil,Charleston,29400,South Carolina,682 351 1546
563,Lorelai Rodriguez,2/11/70,5485 Keeler,Hampton,23687,Virginia,870 514 6333
564,Toby Long,11/16/16,3623 Cherry,Raleigh,27802,North Carolina,939 867 2557
565,Carley Patel,4/16/13,7055 Raven,Bellevue,98087,Washington,313 880 6789
566,Abbey Jacobs,8/18/06,6580 Hobart,New York,10544,New York,202 777 2298
567,Farrah Sosa,1/26/43,6248 Dan Ryan Marquette Rd,Winston-salem,27132,North Carolina,331 834 9516
568,Legend Moreno,4/24/22,5369 Kilbourn,Los Angeles,90493,California,252 784 6875
569,Araceli Beasley,4/11/71,1394 Eisenhower Franklin St,Lakewood,80290,Colorado,260 435 6226
570,Damian Austin,6/25/18,8840 Liberty,Charleston,29407,South Carolina,351 559 9936
571,Freddy Johnston,8/28/99,5563 Willetts,Gilbert,85292,Arizona,646 884 0841
572,Peter Bell,5/17/10,2431 Oriole,Atlanta,30478,Georgia,432 787 8247
573,Enrique Mccray,11/26/86,7233 Congress,Greensboro,27442,North Carolina,479 511 3948
574,Kennedi Monroe,4/19/74,4127 Kennedy Racine Av,Moreno Valley,92586,California,909 919 0087
575,Briana Hardy,2/20/61,9428 Lock,St. Petersburg,33762,Florida,571 362 7366
576,Israel Webb,6/20/44,176 137th,Jersey City,7097,New Jersey,805 546 5431
577,Karlie Ramirez,5/21/80,721 Larrabee,Richmond,23278,Virginia,212 898 1469
578,Paisley Quinn,8/19/10,2670 Vine,San Francisco,94306,California,334 849 6182
579,Chase Cummings,8/2/34,1365 Schilling,Anaheim,92828,California,936 547 5720
580,Caydence Langley,4/21/98,6672 Spokane,Providence,2844,Rhode Island,505 985 6118
581,Kaya Hahn,3/27/26,6773 Glenlake,Philadelphia,19656,Pennsylvania,814 818 0367
582,Francis Avila,4/11/25,1382 Baker,Sterling Heights,48313,Michigan,316 420 8647
583,Scarlett Deleon,12/10/11,4746 Midway Airport Lower,San Diego,92701,California,228 233 6198
584,Cambria Spears,3/29/04,9487 Edmunds,Stamford,6966,Connecticut,971 501 4038
585,Yazmin Head,5/8/68,1250 16th,El Paso,79905,Texas,252 354 9649
586,Dwayne Caldwell,3/24/47,419 Allport,Augusta,30986,Georgia,423 820 1185
587,Mekhi Travis,10/1/28,3823 64th,Milwaukee,53791,Wisconsin,432 778 2924
588,Brooklynn Baldwin,6/9/04,6539 Edens Cicero Av,Columbus,31917,Georgia,415 248 8589
589,Jessie Ray,11/12/43,6638 Kildare,Birmingham,35076,Alabama,906 969 2713
590,Dane Davenport,3/9/26,8534 Liano,Miami,33749,Florida,302 140 3413
591,Cassidy Terry,8/27/12,4693 55th,Philadelphia,19674,Pennsylvania,804 832 3459
592,Anderson Guy,9/17/08,565 Poe,Cleveland,44219,Ohio,720 493 2883
593,Gunner Sullivan,6/15/16,843 Monterey,Sioux Falls,57020,South Dakota,678 638 0250
594,Esperanza Mcclure,5/11/38,6120 Brennan,Jacksonville,32221,Florida,616 704 8602
595,Nicolas Hahn,1/31/21,4039 Lawndale,Honolulu,96649,Hawaii,502 185 0666
596,Parker Lowery,12/4/11,2734 Pavilion Plaza,Montpelier,5652,Vermont,805 382 6703
597,Harry Gonzalez,9/24/39,2420 Agatite,Indianapolis,46875,Indiana,573 998 1102
598,Sloan Hodges,1/24/05,3382 Castlewood,Cleveland,44905,Ohio,219 681 5227
599,Leanna Miranda,1/3/01,8845 Keefe,Phoenix,85504,Arizona,470 653 7210
600,Mckayla Vaughan,1/11/56,4385 Escanaba,Kent,98095,Washington,612 476 0836
601,Damari Bailey,12/5/28,5930 Hayes,Providence,2808,Rhode Island,458 139 6509
602,Yaritza Goff,10/14/35,9326 Grady,Kansas City,66019,Kansas,734 715 9877
603,Chanel Patterson,4/18/31,8434 Kennedy Pulaski Rd,Oakland,94623,California,614 160 8210
604,Kaleb Avila,8/18/99,2306 Sanitary Ship Canal,Anaheim,92898,California,323 449 4665
605,Eloise Ferrell,12/11/75,6213 Wolcott,Augusta,30992,Georgia,917 856 1286
606,Brylee Dillard,3/17/25,5834 Postoffice,Tempe,85007,Arizona,321 502 5429
607,Sylas Griffin,11/22/84,5183 Navajo,Topeka,66674,Kansas,551 128 6358
608,Wesley Dorsey,10/29/41,4682 Eisenhower Expy,Sterling Heights,48310,Michigan,351 497 4810
609,George Mcpherson,1/26/04,827 Kennedy Wilson Av,Peoria,85316,Arizona,913 719 9161
610,Greta Curtis,7/20/97,3970 118th,Miami,33470,Florida,340 438 6544
611,Jonathon Jensen,10/21/70,6719 Stewart,Reno,89579,Nevada,402 246 7182
612,Camron Mcgowan,2/27/62,2994 Shore,Clarksville,37011,Tennessee,906 829 6894
613,Harper Armstrong,5/11/26,6429 102nd,Austin,78628,Texas,712 812 5334
614,Abigail Mueller,6/14/90,3383 Vanderpoel,Portland,97458,Oregon,574 919 3926
615,Talon Fowler,12/16/83,7050 Bellevue,Raleigh,27618,North Carolina,539 926 1472
616,Marquis Lawson,8/14/83,6420 Seeley,St. Petersburg,33738,Florida,713 911 0634
617,Orlando Hood,3/6/29,4766 Hudson,Modesto,95355,California,636 287 0831
618,Jon Torres,10/4/58,2592 Forrestville,Hialeah,33098,Florida,904 684 9284
619,Rayan Stephens,1/27/73,4964 Newport,Bakersfield,93813,California,509 871 8243
620,Alessandro Graves,3/14/08,1592 Wentworth,Kansas City,66714,Missouri,775 890 1348
621,Rylie Stafford,8/31/53,6627 St Georges,Elizabeth,7244,New Jersey,417 501 5594
622,Miya Hurst,7/7/24,5614 Magnolia,Washington,20868,District Of Columbia,305 663 8892
623,Yesenia Justice,1/16/05,8586 State,Montgomery,36143,Alabama,314 339 7578
624,Ayla Farmer,3/23/76,2783 Lowerlevelt1,Evansville,47724,Indiana,717 259 2025
625,Sabrina Bowman,5/28/71,9649 Prescott,Topeka,66663,Kansas,458 114 3799
626,Broderick Blackwell,2/6/11,1357 Shapland,New Orleans,70481,Louisiana,360 212 6294
627,Cash Macdonald,9/12/50,9606 Thatcher,Washington,20880,District Of Columbia,657 948 6355
628,Annie Mcconnell,4/11/57,4982 Dean,Wichita,67014,Kansas,430 251 1926
629,Rory Fields,7/11/84,2714 Ingleside,Evansville,47798,Indiana,830 952 5560
630,Agustin Mcclain,1/26/33,8630 Kennedy Harlem Av Ob,Grand Rapids,49558,Michigan,914 667 1483
631,Khalil Waters,4/9/57,6822 Fletcher,San Jose,95569,California,708 304 0841
632,Jocelyn Emerson,10/6/93,2474 Lowerlevelt1,Chicago,60194,Illinois,574 618 9019
633,Flynn Brennan,3/27/27,4890 Dan Ryan Taylor St,Chicago,60295,Illinois,718 610 2478
634,Charlie Duffy,8/4/71,9646 Honore,Olathe,66027,Kansas,458 643 9179
635,Armani Merrill,6/24/10,4013 Butler,Cedar Rapids,52229,Iowa,339 684 6705
636,Kyra Perkins,10/17/03,927 Clifford,Richmond,23222,Virginia,480 695 6046
637,Jordyn Joyce,1/14/02,9203 Loron,Kansas City,66049,Kansas,802 678 6546
638,Korbin Good,12/19/20,8679 Lsd 47th St,Irving,75008,Texas,904 871 3928
639,Chandler Boyle,4/13/10,7728 Barry,Wichita,67761,Kansas,339 572 6167
640,Chase Garza,11/4/16,617 Dickinson,Eugene,97486,Oregon,865 596 5039
641,Kristen Barker,8/27/51,9399 101st,Reno,89523,Nevada,401 995 4961
642,Bristol Leblanc,10/21/46,3159 Lakefront,Bridgeport,6618,Connecticut,650 258 5192
643,Millie Shannon,4/19/91,8966 Pryor,Tacoma,98082,Washington,702 305 8241
644,Tiffany Gomez,3/6/03,796 Race,Stockton,95257,California,978 491 6316
645,Ricardo Alford,7/20/83,9095 Hart,Denver,80653,Colorado,430 861 7508
646,Sarah Little,3/2/96,4435 Ford,Elizabeth,7235,New Jersey,956 751 0110
647,Lucia Francis,11/28/03,8072 127th,Laredo,78002,Texas,848 939 3864
648,Lawson Hobbs,6/16/16,7663 Virginia,Provo,84030,Utah,505 952 4002
649,Anna Whitley,5/28/76,2368 116th,Durham,27941,North Carolina,623 543 5476
650,Zayden Peters,1/24/12,2594 Mobile,Cary,27512,North Carolina,978 365 2328
651,Alonzo Carey,9/29/04,9867 Rose,Aurora,80083,Colorado,229 136 2592
652,Paxton Henderson,5/1/16,5232 Washington,Thornton,80228,Colorado,972 106 4748
653,Jakob Rodriquez,5/8/79,106 Waukesha,Portland,97147,Oregon,603 813 9227
654,Finn Vang,3/12/44,3865 Calhoun,Kansas City,66558,Missouri,785 782 8203
655,Terry Moss,7/21/94,661 Edens Cicero Av,Irving,75084,Texas,802 155 0084
656,Macy Reid,12/27/51,2651 Linden,Aurora,60583,Illinois,347 175 3966
657,Sierra Manning,9/21/66,5141 Campbell Park,West Valley City,84066,Utah,872 643 4135
658,Roy Grant,7/2/02,6294 Green Bay,Anchorage,99392,Alaska,541 322 8783
659,Cindy Conway,3/13/79,4140 126th,St. Louis,63934,Missouri,703 739 3356
660,Cale Dudley,5/5/39,7697 Hunt,San Francisco,94393,California,802 902 7837
661,Abel Bruce,1/7/63,8542 17th,Kent,98001,Washington,617 379 6351
662,Cali Harper,11/15/78,6326 Monon,Fort Wayne,46045,Indiana,719 330 7932
663,Joe Humphrey,10/26/89,8968 Higgins,Chandler,85264,Arizona,857 519 9153
664,Harper Wheeler,10/19/99,859 Finsbury,Fort Worth,76201,Texas,551 253 0212
665,Brielle Duncan,9/29/85,590 Congress,Miami,33234,Florida,609 675 2626
666,Lucian Lewis,6/5/22,8261 Long,Gilbert,85244,Arizona,607 187 3241
667,Aleena Nolan,12/19/15,1302 Hobson,Salt Lake City,84034,Utah,931 153 5659
668,Delilah Hudson,8/1/00,8891 Stevenson Dan Ryan Ib,Peoria,61541,Illinois,410 456 8421
669,Kamron Freeman,6/5/01,2211 Riversedge,St. Louis,63750,Missouri,203 702 6623
670,Braeden Morton,11/29/06,2567 Larrabee,Wichita,67705,Kansas,609 452 8359
671,Augustus Wheeler,1/28/03,3849 Homewood,Paterson,7523,New Jersey,815 391 4594
672,Francis Perkins,5/16/50,9843 Kolin,Glendale,85050,Arizona,812 786 9161
673,Maggie Long,8/7/36,1831 Watkins,Lincoln,68264,Nebraska,708 700 2469
674,Elizabeth Carpenter,2/13/00,9453 Leonard,Worcester,1669,Massachusetts,671 485 4660
675,Colt Boyer,12/17/80,518 24th,Anaheim,92879,California,570 289 9758
676,Princeton Carson,9/16/31,5744 Moffat,Jersey City,7730,New Jersey,317 692 9720
677,Kolten Ramirez,11/24/56,8488 James M Rochford,Fresno,93852,California,563 445 2353
678,Kathleen Glenn,9/19/36,2388 Otsego,Cary,27514,North Carolina,707 181 8551
679,Aleah Hebert,3/20/63,6250 Jean,San Bernardino,92376,California,909 970 6540
680,Carley Albert,9/24/02,7401 Seminole,Aurora,80050,Colorado,979 462 0188
681,Kassidy Franco,5/25/03,3616 Museum Campus,Hartford,6196,Connecticut,682 612 6723
682,Laila Avery,12/30/11,3302 Eisenhower Franklin St,Bridgeport,6686,Connecticut,712 144 4940
683,Juliet Fisher,10/18/79,6635 Crosby,Salem,97328,Oregon,563 404 9082
684,Teagan Richmond,12/9/42,7355 Mcfetridge,Salt Lake City,84045,Utah,276 131 0845
685,Ali Roy,5/3/04,5741 Lowe,Montpelier,5636,Vermont,251 715 2936
686,Daisy Conner,9/3/97,567 East River,Charleston,29405,South Carolina,304 626 8419
687,Lorelei Stanton,1/2/24,6612 Carver,Rochester,14670,New York,253 893 3239
688,Ximena Poole,2/6/86,3827 Miller,Birmingham,35099,Alabama,973 999 4900
689,Quentin Richmond,2/22/57,6722 Kennedy Nagle Av,Tampa,33740,Florida,870 756 6829
690,Brady Underwood,2/16/87,5844 103rd,Houston,70364,Texas,214 341 9180
691,Liberty Savage,6/21/37,77 Ontario,Portland,97046,Oregon,205 775 6230
692,Armani Stevens,3/16/33,6698 University,Baltimore,21806,Maryland,458 766 4915
693,Ana Bailey,8/16/90,5456 Chicora,West Valley City,84045,Utah,747 550 9458
694,Dimitri Burch,9/18/06,7817 Wabash,Naperville,60438,Illinois,539 863 7950
695,Jeremiah Haley,5/22/10,6206 Jessie,Warren,48084,Michigan,989 197 5022
696,Giancarlo Eaton,9/16/06,5371 Columbus Ramp,Huntsville,35880,Alabama,269 767 8915
697,Kaleigh Lawrence,4/19/02,2494 Kennedy Kostner Av,Minneapolis,55331,Minnesota,910 932 6701
698,Kaitlyn Atkins,5/4/16,4508 Lsd Wilson Av,Oklahoma City,73491,Oklahoma,304 125 7477
699,Miya Cabrera,11/8/04,8638 Cedar,Rockford,61182,Illinois,913 524 2399
700,Carlos Higgins,7/10/05,659 Rush,Orlando,32801,Florida,972 733 5815
701,Nicholas Dyer,7/28/14,7034 Humboldt,Reno,89549,Nevada,442 838 4105
702,Sarah Gilliam,1/11/85,4524 Public,Philadelphia,19860,Pennsylvania,310 216 4873
703,Kendrick Fuentes,2/9/12,8572 Throop,Fresno,93342,California,631 416 3246
704,Quinten Church,8/14/06,6938 Medford,Coral Springs,33087,Florida,715 702 0572
705,Daniela Nash,6/27/11,7417 25th,Evansville,47737,Indiana,701 513 5280
706,Nayeli Mendoza,9/16/97,504 Kensington,Olathe,66012,Kansas,458 342 6885
707,Emmalyn Hansen,5/11/50,3968 Schreiber,Olathe,66053,Kansas,671 255 0609
708,Howard Barnes,1/28/96,7812 Iowa,Allentown,18144,Pennsylvania,747 984 3210
709,Reid Carlson,6/22/70,216 Givins,Thornton,80294,Colorado,972 178 3268
710,Kyra Fuller,12/5/01,5055 Yates,St. Paul,55056,Minnesota,787 516 8718
711,Aleigha Burt,5/10/13,4779 Kennedy Addison St,Virginia Beach,23647,Virginia,678 105 8225
712,Laney White,8/23/08,3266 Chicago Skyway St Lawrence Av,Cedar Rapids,52228,Iowa,719 376 3979
713,Bobby Delacruz,3/19/02,7169 119th,Alexandria,22229,Virginia,442 567 5373
714,Kailee Orr,7/8/90,2576 Milwaukee,Boise City,83419,Idaho,602 825 1042
715,Samir Tillman,10/3/64,4940 Jensen,Lincoln,68119,Nebraska,973 465 0822
716,Hadley Marsh,8/9/01,9911 Cta 69th St,Toledo,43422,Ohio,848 443 7062
717,Chaya Leach,10/6/07,8476 Willard,Ann Arbor,48171,Michigan,717 891 5988
718,Brylee Beach,9/21/24,5421 Warner,Gilbert,85256,Arizona,762 993 6738
719,Eli Hyde,5/14/98,1181 I57 111th St,Wichita,67164,Kansas,917 481 6073
720,Kamille Sargent,11/10/33,9439 Clifton,Eugene,97469,Oregon,773 497 3822
721,Jaylon Jacobson,12/1/14,6330 Landers,Laredo,78093,Texas,845 899 6424
722,Hana Humphrey,8/19/46,6234 Crosby,Topeka,66610,Kansas,229 327 0530
723,Mariana Browning,4/2/29,4443 Emerald,Chicago,60498,Illinois,442 732 9551
724,Jonah Allison,7/20/88,2033 Lill,Eugene,97439,Oregon,575 271 0952
725,Silas Patel,4/13/65,1294 Stephen A Douglas,Providence,2833,Rhode Island,407 713 7578
726,Anika Morales,8/15/83,4918 Dan Ryan Taylor St,Clarksville,37015,Tennessee,682 943 5054
727,Emmanuel Carlson,3/23/04,7633 Prairie Park,Little Rock,72140,Arkansas,574 746 9675
728,Mateo Waller,10/17/34,8864 Crest Line,Rochester,14677,New York,770 330 9496
729,Reed Mcclain,6/19/94,1388 Lansing,Louisville,40403,Kentucky,573 807 1884
730,Kaitlin Mcdaniel,11/1/16,5099 Stevenson 25th St,Long Beach,90744,California,636 144 5166
731,Lyla Walter,1/30/18,3824 26th,Norman,73035,Oklahoma,847 343 8083
732,Calvin Vincent,5/21/16,64 Jones,Tampa,33244,Florida,475 594 4670
733,Ellie Mcdaniel,9/4/05,7326 China,Jacksonville,32129,Florida,740 302 8389
734,Valerie Mayer,8/27/24,6622 Eisenhower Independence Bl,Aurora,80059,Colorado,203 845 3134
735,Chandler Ballard,8/22/03,7159 44th,New Orleans,70126,Louisiana,574 544 6926
736,Kendyl Harrington,1/4/75,352 Desplaines,Reno,89562,Nevada,786 640 9074
737,Dwayne Sargent,9/5/04,8062 Calumet River,St. Louis,63155,Missouri,262 491 0439
738,Seth Fry,11/9/81,7609 Dan Ryan Local,Montpelier,5604,Vermont,785 919 1274
739,Giovanny Head,10/18/16,5712 29th,Fontana,92381,California,762 297 2673
740,Hallie Cobb,5/5/66,4590 Ardmore,Clarksville,37045,Tennessee,541 893 1565
741,Guadalupe Petersen,3/26/41,2317 Manton,Toledo,43749,Ohio,512 498 0939
742,Judah Reeves,7/7/38,7378 Winthrop,Baton Rouge,70614,Louisiana,567 607 1311
743,Lainey Moss,8/3/80,8602 Bryn Mawr Av,Chesapeake,23326,Virginia,240 721 9755
744,Mustafa York,1/29/60,2856 Leland,Glendale,85014,Arizona,319 956 4132
745,Paul Branch,10/29/97,4685 Hamilton,Olathe,66061,Kansas,308 786 2779
746,Messiah Ewing,3/14/79,4667 South Water,New Haven,6506,Connecticut,805 579 6345
747,Quinn Leon,11/23/73,6582 117th,North Las Vegas,89026,Nevada,571 269 7390
748,Josue Greer,2/25/31,2935 Delphia,Rochester,14691,New York,931 306 6327
749,Donald Reyes,9/5/82,8020 Waterside,St. Petersburg,33786,Florida,612 663 8145
750,Braxton Romero,12/17/61,4302 Navajo,Henderson,89077,Nevada,419 892 3987
751,Cassius Reid,11/1/22,5869 Dan Ryan I57,Boston,2770,Massachusetts,830 924 6624
752,Rebecca Rhodes,2/3/09,1114 Osceola,Peoria,61556,Illinois,217 962 7134
753,Willie Terry,10/21/89,5955 Leyden,Provo,84077,Utah,906 270 4103
754,Willa Lang,4/22/85,7221 New England,Louisville,40521,Kentucky,916 665 2463
755,Nicholas West,12/28/91,1656 Trumbull,Henderson,89066,Nevada,518 406 9164
756,Nylah Moon,2/3/14,3960 Gladys,Kansas City,66456,Missouri,210 328 2540
757,Eliza Allison,7/28/87,8286 20th,Austin,78555,Texas,734 600 7414
758,Nathan Lowery,5/22/73,5608 Gole,Chattanooga,37376,Tennessee,256 279 9650
759,Lennon Lara,1/24/05,777 Austin,Gilbert,85290,Arizona,480 849 1691
760,Marcos Kirkland,8/9/49,4699 Randolph,San Diego,92594,California,762 409 0336
761,Spencer Mcneil,7/21/86,1734 Hortense,Gilbert,85288,Arizona,218 704 6322
762,Ronald Curtis,6/24/12,7411 Lsd Lawrence Av,Amarillo,79188,Texas,432 317 2243
763,Dylan Holman,11/19/05,4524 Moorman,Wichita,67893,Kansas,831 914 3152
764,Shelby Chen,6/7/58,9473 Court,Irvine,92687,California,361 645 9186
765,Lorelei Hunt,1/17/07,6613 Dobson,Allentown,18127,Pennsylvania,610 781 4726
766,Elaine Hayden,7/30/51,6973 Chanay,Fort Collins,80533,Colorado,786 375 0443
767,Kyle Riggs,9/5/24,898 Reilly,Provo,84023,Utah,917 329 1553
768,Emilee Wong,7/17/99,2623 Newland,Rochester,14659,New York,928 632 1912
769,Clark Cortez,4/24/00,8893 Stockton,Allentown,18141,Pennsylvania,734 802 3184
770,Riya Brennan,6/23/12,7301 Hyde Park,Lansing,48863,Michigan,331 250 4260
771,Jaylee Jensen,7/18/67,2471 Kerfoot,Anchorage,99906,Alaska,949 166 8295
772,Shane Thomas,3/8/09,8009 Stevenson Ib Dan Ryan,Austin,78522,Texas,432 986 4370
773,Stefan Rowe,1/6/19,9983 Avenue M,Cincinnati,45254,Ohio,732 325 0171
774,Patrick Carney,8/3/73,1435 Lake Lower,Seattle,98198,Washington,406 814 9148
775,Kourtney Williams,3/27/50,758 Lake Calumet Harbor Ent,Bridgeport,6639,Connecticut,808 990 3263
776,Bradyn Gould,3/21/77,9854 Hiawatha,Atlanta,30549,Georgia,347 821 2907
777,Aaliyah Woodard,10/1/19,2913 Manila,Worcester,1629,Massachusetts,650 323 9842
778,Regina Russo,9/13/60,741 Tripp,Oakland,94826,California,407 455 3006
779,Cynthia Benjamin,5/12/56,5097 Pioneer,Cleveland,44559,Ohio,571 758 9115
780,Beau Keith,10/19/07,2180 Maple,Tucson,85842,Arizona,231 151 7148
781,Ace Holman,11/8/80,2248 Fullerton,Montpelier,5643,Vermont,573 578 1036
782,Nash Norton,12/23/09,789 94th,Naperville,60494,Illinois,407 228 8441
783,Adrienne Lewis,12/5/35,4498 Sanitary Ship Canal,Albuquerque,87977,New Mexico,475 121 1296
784,Sierra Holmes,6/28/77,8224 Kennedy Ohio Feeder,Gilbert,85226,Arizona,530 169 3677
785,Yoselin Mcleod,5/7/67,4171 Le Mai,Toledo,43595,Ohio,858 965 8910
786,Madalynn Little,4/26/27,6006 Stevenson Damen Av,Garland,75991,Texas,704 819 1209
787,Valeria Keith,4/24/06,3277 Rose,Providence,2820,Rhode Island,339 120 5619
788,Carley Carrillo,3/16/01,7990 Wacker,Tampa,33429,Florida,321 970 2921
789,Ellis Lang,5/6/77,7841 Hyde Park,Honolulu,96219,Hawaii,718 432 0331
790,Zariyah Glass,1/29/01,3206 Beach,Provo,84062,Utah,253 330 0616
791,Keegan Sherman,5/14/72,6064 138th,Dallas,75680,Texas,870 841 2292
792,Alexis Head,1/3/54,302 Loop,Montgomery,36125,Alabama,352 635 0315
793,Aaden Oneill,2/6/96,2030 Kreiter,Little Rock,72115,Arkansas,940 605 1986
794,Brenna Howard,9/26/07,9602 Wallace,Los Angeles,90838,California,646 411 6321
795,Alisha Franklin,5/24/67,2905 Stevenson,Fort Lauderdale,33131,Florida,213 446 7179
796,Sean Hampton,4/8/05,6806 Maple,Henderson,89072,Nevada,308 622 6586
797,Mallory Valdez,12/17/75,7123 Canfield,Omaha,68668,Nebraska,351 408 0834
798,Dario Medina,4/2/59,5752 Dan Ryan,Aurora,60508,Illinois,231 660 4772
799,Malakai Carson,7/22/08,6269 35th,Sioux Falls,57036,South Dakota,385 332 9121
800,Alisson Huber,11/2/84,2484 Patton,Bakersfield,93206,California,607 130 3479
801,Damarion Boyd,3/1/23,5066 Promontory,Boise City,83798,Idaho,510 111 6370
802,Sara Zamora,6/10/01,6191 Packers,Amarillo,79190,Texas,623 433 9837
803,Mary Guzman,7/5/50,5169 Cyril,Louisville,40305,Kentucky,458 436 7473
804,Jamarion Hood,3/5/99,8797 Hobart,Aurora,60565,Illinois,567 272 8025
805,Kylan Phillips,1/9/26,3326 Wallen,Springfield,1179,Massachusetts,657 693 3458
806,Brinley Howell,2/7/59,2018 Kenosha,Fort Wayne,46162,Indiana,314 540 5024
807,Destinee Luna,5/6/42,1677 Jensen,Rochester,14628,New York,434 428 8730
808,Zariyah Cannon,4/16/36,2777 Harbor,Lakewood,80227,Colorado,210 517 3494
809,Beckham Johnson,1/9/33,6130 Harlem,Paterson,7589,New Jersey,661 685 9000
810,Joseph Monroe,3/21/11,414 West Water,Corpus Christi,78954,Texas,704 121 3427
811,Marie Suarez,6/11/20,2592 St Helen,St. Paul,55019,Minnesota,863 972 8377
812,Britney Hyde,10/28/84,7751 Kennedy North Av,Los Angeles,90142,California,516 999 6619
813,Elisha Pate,6/21/94,5770 York,Lincoln,68115,Nebraska,539 505 7513
814,Jamal Duke,2/4/95,4092 8th,Fort Wayne,46636,Indiana,208 391 1094
815,Brianna Chen,2/4/76,1487 Ludlam,Boston,2549,Massachusetts,269 551 4594
816,Jolie Baird,1/22/10,6284 Winthrop,Fargo,58007,North Dakota,571 383 0624
817,Brooklyn Holloway,10/6/96,1151 91st,Laredo,78029,Texas,915 434 7523
818,Gael Hooper,5/21/04,1662 Johnson,Anchorage,99838,Alaska,425 645 6312
819,Byron Jones,1/2/53,5477 Churchill,Plano,75259,Texas,661 902 6945
820,Vera Huber,6/14/76,2551 Madison Park,Miami,33883,Florida,715 355 2206
821,Kailynn Noel,2/12/25,3475 Hermosa,Lincoln,68430,Nebraska,435 712 5327
822,Rachel Olson,10/4/21,6969 Odell,Boston,2696,Massachusetts,262 346 2294
823,Dakota Pennington,11/26/97,3850 Forest,Garland,75965,Texas,404 272 3900
824,Sharon Battle,5/2/69,3727 Kennedy Monroe St,Irvine,92624,California,301 629 2623
825,Alina Vazquez,6/9/34,2226 Grant,Kansas City,66156,Missouri,218 226 9723
826,Yaretzi Justice,9/9/05,5660 Imlay,Akron,44387,Ohio,816 262 1055
827,Charlotte Stanton,11/24/43,5184 Haddock,Wichita,67604,Kansas,831 224 1379
828,Semaj Hyde,11/15/99,2990 Palatine,Sterling Heights,48313,Michigan,801 867 2220
829,Hank Powell,7/28/54,7440 101st,Miami,33256,Florida,609 823 4052
830,Luis Ayers,2/26/95,6115 59th,Salem,97342,Oregon,339 418 4207
831,Aniya Patel,10/7/99,8802 Potomac,Cincinnati,45271,Ohio,831 659 4515
832,Chace Deleon,6/27/63,3301 Sacramento,Plano,75132,Texas,313 309 3609
833,Ahmad Carroll,6/29/98,5411 Cambridge,Louisville,40761,Kentucky,305 639 0825
834,Nathanael Douglas,10/9/57,5284 Elaine,Manchester,3100,New Hampshire,314 556 2152
835,Easton Stephens,11/19/15,2515 Drummond,Lubbock,79875,Texas,956 990 9714
836,Keyla Allen,2/8/53,1343 13th,Chula Vista,91976,California,315 353 5434
837,Mckenna Oneil,8/5/97,6349 Lehmann,Fayetteville,72711,North Carolina,518 807 3923
838,Hattie Scott,3/15/41,4976 Central Park,New Haven,6588,Connecticut,480 839 0931
839,Mike Buchanan,1/29/20,99 Mcalpin,Fayetteville,72778,North Carolina,929 594 4209
840,Carly Chang,1/31/93,8976 Kennedy Fullerton Av,Anaheim,92823,California,845 380 3390
841,Damien Conley,6/15/05,8660 Halsted,Denver,80386,Colorado,425 671 5717
842,Cayson West,4/26/40,5756 Arthington,Yonkers,10745,New York,310 699 8516
843,Alberto Copeland,10/4/15,6407 Steuben,Anaheim,92806,California,651 918 1648
844,Arianna Foley,3/2/25,9075 Ritchie,North Las Vegas,89657,Nevada,702 102 5505
845,Rowen Gamble,5/17/36,8131 Eisenhower,Coral Springs,33003,Florida,916 789 3185
846,Aldo Lawrence,10/15/11,5918 Castlewood,Gainesville,32665,Florida,434 342 2314
847,Breanna Lloyd,5/26/17,791 Princeton,Gilbert,85257,Arizona,385 507 9736
848,Karsyn Mcfarland,11/17/35,3592 Lemont,Kansas City,66014,Kansas,253 554 5485
849,Reid Sargent,9/17/15,6861 Hooker,Jackson,49255,Mississippi,907 601 1751
850,Arlo Woodward,4/12/87,8836 Giles,Salem,97365,Oregon,262 819 1492
851,Kassidy Valencia,11/30/10,2534 Corbett,Tempe,85037,Arizona,918 323 5510
852,Pablo Mcclure,8/16/44,2385 Marble,West Valley City,84088,Utah,703 464 6689
853,Travis Barlow,12/21/41,159 Luna,St. Petersburg,33797,Florida,408 303 4336
854,America Finch,10/13/45,190 Fillmore,North Las Vegas,89559,Nevada,704 965 1971
855,Lorelai Cleveland,8/15/11,1454 Lsd Michigan Av,Provo,84006,Utah,916 926 6259
856,Nicolas Schneider,4/29/93,722 Pool,Sacramento,95575,California,937 842 1095
857,Kellen Zamora,6/18/11,4961 Short,Springfield,65736,Missouri,585 721 8125
858,Antonio Ramirez,5/21/80,5543 Keota,Henderson,89003,Nevada,908 596 4926
859,Jaelyn Allen,8/18/14,887 Hickory,Jackson,49262,Mississippi,267 179 6951
860,Aryanna Cummings,7/21/32,6365 Victoria,Norman,73058,Oklahoma,253 199 6830
861,Khalil Weber,11/30/02,1043 Randolph Sub,Provo,84026,Utah,916 314 5958
862,Crosby Guerrero,2/8/31,3012 Hunt,Fort Collins,80557,Colorado,212 396 2108
863,Mateo Myers,2/13/95,8428 Northcott,Oklahoma City,73141,Oklahoma,563 114 5524
864,Danny Clay,12/23/83,7833 Las Casas,Tempe,85070,Arizona,503 666 0924
865,Tyrell Prince,7/29/92,8755 Lafayette,Indianapolis,46176,Indiana,631 116 8272
866,Jackson Pennington,12/5/47,8099 Besly,Cary,27515,North Carolina,432 608 6046
867,Patience Sheppard,3/8/62,4055 Longwood,Fremont,94505,California,321 546 6468
868,Lawson Chen,8/11/89,4953 Riverdale,Newark,7178,New Jersey,301 611 3548
869,Kristen Hunter,5/7/57,1971 Justine,Allentown,18152,Pennsylvania,267 222 7106
870,Jaxon Wells,6/16/98,6236 89th,Orlando,32825,Florida,479 598 1740
871,Kaylen Kelley,6/7/46,6649 Alta Vista,Winston-salem,27128,North Carolina,910 795 1364
872,Kara Gates,8/31/33,98 Stevenson State St,Oklahoma City,73698,Oklahoma,703 102 2041
873,Felix Phelps,11/26/11,8869 Pontiac,San Antonio,78703,Texas,630 475 1804
874,Adrian Simmons,9/30/80,9675 Robinson,San Jose,95986,California,313 272 8560
875,Marilyn Swanson,2/18/69,3680 Gresham,Syracuse,13209,New York,832 589 7421
876,Alex Obrien,8/5/26,8932 De Saible,Fontana,92309,California,312 564 5700
877,Caiden Dickson,12/7/56,5316 Wabash,Evansville,47784,Indiana,435 429 2466
878,Carleigh Maxwell,12/3/79,6881 Wellington,Tacoma,98056,Washington,917 162 6814
879,Warren Romero,3/24/19,4685 19th,Eugene,97431,Oregon,606 934 7037
880,Callan Barton,1/15/68,1004 Lake Park,Baton Rouge,70434,Louisiana,408 177 2306
881,Caden Wooten,11/13/93,7797 Seminary,Aurora,80090,Colorado,714 520 4947
882,Alessandra Tyler,1/17/99,8098 Avenue O,Warren,48053,Michigan,712 251 3605
883,Pablo Jacobson,7/6/46,4541 Dauphin,Buffalo,14281,New York,563 497 2511
884,Anne Pittman,6/5/05,5547 Oakenwald,Fort Wayne,46758,Indiana,631 983 4610
885,Grady Valenzuela,10/3/65,8802 Reta,Bakersfield,93202,California,424 912 8689
886,Crosby Walls,4/9/91,1192 95th,New York,10179,New York,541 310 3441
887,Izayah Chaney,8/21/48,7943 Niagara,Reno,89505,Nevada,575 639 0331
888,Kynlee Craft,2/9/39,2590 Ardmore,Lubbock,79241,Texas,978 898 0887
889,Marisol Harrison,12/17/83,1284 Lsd Randolph St,Indianapolis,46342,Indiana,901 411 9915
890,Joshua Mcgowan,7/25/80,9753 Drummond,St. Louis,63175,Missouri,309 511 6341
891,Dixie Gaines,3/25/60,1061 Fillmore,Dayton,45332,Ohio,720 414 0161
892,Ayaan Pearson,1/22/29,4310 Cityfront Plaza,Chattanooga,37239,Tennessee,657 563 3429
893,Kirsten Stout,11/2/57,7201 Riverwalk,Long Beach,90722,California,305 233 1120
894,Waylon Andrews,2/19/86,7015 Waller,Lansing,48852,Michigan,308 182 3260
895,Brianna Rosario,5/31/15,8164 Newport,Memphis,38039,Tennessee,989 889 1121
896,Hayden Bailey,3/27/85,1503 Circle,Newark,7121,New Jersey,360 807 1385
897,Ingrid Mcfarland,11/10/51,5067 96th,Indianapolis,46432,Indiana,518 386 6685
898,Samuel Heath,9/24/15,6214 Higgins,Chula Vista,91972,California,213 285 8746
899,Jaqueline Noel,11/15/62,4664 Otsego,Gilbert,85202,Arizona,478 644 5551
900,Araceli Howell,2/12/56,8366 Kentucky,Columbus,31974,Georgia,320 727 4051
901,Matthias Fuller,10/7/61,8751 23rd,Modesto,95356,California,469 164 4149
902,Finley Bass,5/23/82,3235 Gladys,Albuquerque,87704,New Mexico,417 806 1862
903,Will Mathews,5/20/88,5413 Chicago Skyway State St,Independence,64091,Missouri,401 918 8843
904,Tate Payne,9/19/36,8474 Kenton,Los Angeles,90528,California,419 271 7430
905,Jaelynn George,4/30/16,5942 Lsd Illinois St,San Jose,95670,California,206 201 4522
906,Hazel Park,1/16/92,5481 Jones,Provo,84036,Utah,470 305 5544
907,Carlee Johnston,1/3/13,9177 Hayes,Naperville,60431,Illinois,765 655 1523
908,Zavier Norris,2/5/15,2120 Polk,Worcester,1668,Massachusetts,727 850 1916
909,Alexandria Conrad,6/10/33,1530 Malta,Hartford,6148,Connecticut,425 928 9102
910,Jolene Richards,2/26/43,2770 Blake,Independence,64080,Missouri,252 480 2942
911,Lillianna Randolph,7/18/56,7258 Otto,Atlanta,30439,Georgia,561 631 9738
912,Kieran Pace,1/1/16,374 Edens,Kansas City,66342,Missouri,901 953 5224
913,Yaretzi Marquez,12/11/99,5391 Lakewood,Buffalo,14279,New York,916 262 5226
914,Vincent Larsen,11/20/15,5918 Orange,Fontana,92397,California,765 725 7553
915,Blaze Carroll,9/7/61,36 Cta 69th St,Indianapolis,46763,Indiana,302 893 9506
916,Lauryn Patrick,4/19/59,6150 North Water,Springfield,65706,Missouri,424 470 0513
917,Benton Maddox,1/17/32,4304 Federal,Warren,48085,Michigan,928 550 4770
918,Russell Watts,9/2/09,1261 Banks,Tacoma,98064,Washington,609 789 6791
919,Camron Camacho,11/27/25,7531 Rockwell,Mesa,85416,Arizona,704 838 9640
920,Rosalie Foley,4/2/06,3908 38th,Newark,7160,New Jersey,706 302 7611
921,Juliette Meyer,3/19/11,9350 Eisenhower Racine Av,Stamford,6969,Connecticut,760 789 7946
922,Alayah Davenport,4/13/02,7720 Kennedy Randolph St,Toledo,43597,Ohio,425 605 1021
923,Alexa Howe,7/8/64,5782 Lothair,Irvine,92654,California,217 548 4957
924,Elliot Mann,11/13/57,8767 Hazel,Worcester,1663,Massachusetts,254 809 1439
925,Mohamed House,7/25/93,8159 Blake,Worcester,1616,Massachusetts,947 225 9771
926,Miller Chen,7/7/55,827 Maypole,Cedar Rapids,52228,Iowa,918 519 3202
927,Jayden Espinoza,8/26/98,5213 Dan Ryan 63rd St,New Orleans,70602,Louisiana,769 886 2827
928,Alyvia Lopez,6/25/72,3453 Clifford,Corpus Christi,78244,Texas,301 958 3415
929,Steven Beach,2/20/01,4794 Woodland Park,Portland,97437,Oregon,980 160 4003
930,Kiley Buck,6/25/30,1193 Pryor,Eugene,97467,Oregon,228 802 2718
931,Caleb Charles,3/16/63,3807 Taylor,Kansas City,66098,Kansas,716 512 9306
932,Jair Nieves,10/10/01,968 Tooker,Buffalo,14229,New York,847 690 1962
933,Finley Parker,8/9/99,6569 Dan Ryan 55th St,Colorado Springs,80056,Colorado,215 786 0617
934,Patrick Deleon,8/17/16,7366 Kirkland,Knoxville,37567,Tennessee,907 135 7025
935,Kadence Mcclain,1/22/27,3734 Oriole,Denver,80307,Colorado,315 779 2875
936,Jaden Carson,8/8/10,7603 Eisenhower Cicero Av,Plano,75523,Texas,218 896 7223
937,Mckayla Keith,2/15/80,716 Thomas Barclay,Yonkers,10778,New York,630 497 3912
938,Nicolas Mays,12/5/58,9884 Norwood,Lubbock,79665,Texas,601 258 5161
939,Maria Gallegos,11/6/73,5668 Minnetonka,Omaha,68101,Nebraska,858 179 3814
940,Leonard Sweeney,9/25/09,9076 Rhodes,Manchester,3108,New Hampshire,606 680 5666
941,Abram Nieves,10/16/07,6457 19th,Tucson,85059,Arizona,316 453 4033
942,Claire Parsons,8/28/06,5965 Odell,Oklahoma City,73377,Oklahoma,432 971 1664
943,Fernando Sherman,2/3/75,2967 Crilly,Albuquerque,87193,New Mexico,478 560 4530
944,Reese Molina,2/13/52,4725 Garfield,Virginia Beach,23746,Virginia,513 326 9363
945,Imani Odom,1/11/16,8821 Arcade,Reno,89516,Nevada,762 961 2627
946,Ezekiel Olson,10/14/22,242 Eisenhower Franklin St,Columbia,29053,South Carolina,254 592 8462
947,Renata Burgess,9/11/07,2884 Kennedy Irving Park Rd,Columbus,43609,Ohio,954 785 4974
948,Emmalee Evans,10/15/37,5341 Dan Ryan 79th St,Warren,48098,Michigan,912 808 3049
949,Melanie Good,12/4/58,862 Edens Foster Av,Orlando,32892,Florida,857 315 4633
950,Ruth Holloway,5/1/77,4383 Frontier,Sterling Heights,48316,Michigan,260 188 8067
951,Kendyl Coleman,1/9/40,6575 Dan Ryan 35th St,St. Petersburg,33768,Florida,262 510 1355
952,Camryn Kirk,1/27/31,1053 Ann Lurie,Jackson,49256,Mississippi,386 345 5999
953,Jayla Roberts,10/4/02,3623 Mccormick,Los Angeles,90818,California,734 952 7639
954,Bryant Hess,11/6/38,6190 Burley,Yonkers,10715,New York,424 929 0030
955,Francesca Sweeney,8/6/49,1791 Mildred,Norman,73092,Oklahoma,225 900 2499
956,Johnathon Pennington,11/8/07,9937 Wisner,Lakewood,80213,Colorado,513 585 5792
957,Laila Osborn,9/28/91,3541 Dobson,Oxnard,93095,California,646 622 4908
958,Richard Gaines,7/18/22,6369 Newland,Norfolk,23506,Virginia,206 726 0054
959,Mitchell Weber,11/11/34,3612 Ancona,Columbus,31976,Georgia,919 743 7319
960,Angie Ayala,7/3/85,8182 Warren,Springfield,65708,Missouri,901 579 3840
961,Deven Dunlap,10/28/22,5515 Hartwell,Plano,75719,Texas,585 736 9522
962,Tiffany Hansen,4/14/88,1286 Lock,Oklahoma City,73809,Oklahoma,212 116 1432
963,Issac Hernandez,2/11/49,755 Corcoran,Memphis,38552,Tennessee,626 527 8809
964,Ernest Savage,9/10/90,2207 Henry,Spokane,99237,Washington,810 364 5131
965,Deon Beard,12/17/35,8069 Race,Tacoma,98034,Washington,408 640 3986
966,Gerardo Bowen,1/29/56,6628 Carroll,Murfreesboro,37101,Tennessee,432 953 0546
967,Valentina Jacobs,2/8/29,6263 Ottawa,Omaha,68114,Nebraska,763 747 5617
968,Tyrell Hawkins,12/7/53,1855 Aldine,Jacksonville,32051,Florida,331 515 7604
969,Luz Harrell,6/8/77,2300 Blanchard,Greensboro,27497,North Carolina,908 945 1811
970,Addison Sexton,11/2/22,9586 Kennedy Ogden Av,Denver,80778,Colorado,209 121 4806
971,Phoebe Sykes,12/25/43,6037 Kercheval,Lincoln,68131,Nebraska,731 922 9535
972,Sharon House,2/1/27,2899 Throop,Knoxville,37878,Tennessee,731 655 4252
973,Damari Moses,10/1/85,624 Austin Av Jfk,Plano,75849,Texas,862 650 0938
974,Isaiah Weeks,10/25/14,4849 Hermosa,Akron,44339,Ohio,787 922 5710
975,Silas Clay,9/23/03,1311 North Water,Corpus Christi,78118,Texas,860 896 6121
976,Patrick Bray,9/9/13,2487 Chicago Skyway,Kansas City,66078,Kansas,787 287 2377
977,Mattie Stevens,7/31/18,4866 Union,Sacramento,95992,California,605 598 1702
978,Irvin Shepherd,7/9/13,4050 London,Newark,7183,New Jersey,978 305 5127
979,Priscilla Mcleod,10/13/40,2659 Kennedy Ib,Grand Rapids,49596,Michigan,352 119 8415
980,Scott Harding,5/2/80,8070 Avenue H,Indianapolis,46380,Indiana,206 498 3728
981,Maria Hardy,5/5/86,7301 Western,Omaha,68101,Nebraska,910 502 9719
982,Jeremiah Hopper,1/4/13,8343 Young,Minneapolis,55245,Minnesota,786 727 0369
983,Jeffery Holland,12/6/99,6352 Irving Park,Tulsa,74783,Oklahoma,740 791 3816
984,Niko Wood,9/25/00,6996 Calumet Access,Sacramento,95009,California,623 898 7873
985,Aaliyah Barry,11/2/47,5075 Loleta,Augusta,30956,Georgia,224 866 1764
986,Simon Reed,9/1/16,5381 Arcade,Miami,33510,Florida,414 361 6881
987,Drew Wiley,6/23/79,8457 Gordon,Fort Collins,80594,Colorado,458 578 8242
988,Drake Benjamin,9/26/65,5761 Lock,Anchorage,99085,Alaska,314 634 4220
989,Gabriel Salas,11/20/03,7277 Lacey,Dallas,75460,Texas,727 571 2677
990,Yandel Peterson,3/6/09,5044 Rumsey,Fresno,93497,California,412 165 3836
991,Erik Bullock,12/12/62,7380 Kerfoot,Grand Rapids,49536,Michigan,317 479 6561
992,Kylie Stanton,7/16/46,9991 Edbrooke,Clarksville,37081,Tennessee,432 178 8962
993,Gwendolyn Johnston,2/23/22,4940 49th,Chula Vista,91997,California,715 436 8264
994,Greyson Gordon,11/25/71,3118 Institute,Jersey City,7358,New Jersey,850 510 4612
995,Franklin Bowers,12/26/73,9438 Isham,Charlotte,28614,North Carolina,817 783 2521
996,Carissa Garza,1/7/19,5355 River,Little Rock,72122,Arkansas,202 473 4186
997,Alejandro Holder,3/14/58,1219 Nettleton,Fort Lauderdale,33435,Florida,434 902 2741
998,Miguel Mcdonald,6/2/10,4338 Dakin,Charlotte,28259,North Carolina,208 748 0227
999,Nathalie Conley,10/21/02,9828 Watkins,Baltimore,21853,Maryland,276 262 0484
1000,Salvador Chang,6/9/92,1523 Edens,Surprise,85304,Arizona,704 428 3342